Plot,Plant,Date,Flower height,Leaf height,BD,AB,FF,SG,SD,ST,notes,Date,Flower height,Leaf height,BD,AB,FF,SG,SD,ST,notes,Date,Flower height,Leaf height,BD,AB,FF,SG,SD,ST,notes,Date,Flower height,Leaf height,BD,AB,FF,SG,SD,ST,notes,Date,Flower height,Leaf height,BD,AB,FF,SG,SD,ST,notes,Date,Flower height,Leaf height,BD,AB,FF,SG,SD,ST,notes,Date,Flower height,Leaf height,BD,AB,FF,SG,SD,ST,notes,Date,Flower height,Leaf height,BD,AB,FF,SG,SD,ST,notes,Date,Flower height,Leaf height,BD,AB,FF,SG,SD,ST,notes,Date,Flower height,Leaf height,BD,AB,FF,SG,SD,ST,notes,Date,Flower height,Leaf height,BD,AB,FF,SG,SD,ST,notes,Date,Flower height,Leaf height,BD,AB,FF,SG,SD,ST,notes,Date,Flower height,Leaf height,BD,AB,FF,SG,SD,ST,notes,Date,Flower height,Leaf height,BD,AB,FF,SG,SD,ST,notes,Date,Flower height,Leaf height,BD,AB,FF,SG,SD,ST,notes,Date,Flower height,Leaf height,BD,AB,FF,SG,SD,ST,notes
ESR(2),1,5/24/2015,15,28,1,,,,,,,5/26/2015,16,28,2,,,,,,,5/29/2015,14,34,1,,,,,,,6/1/2015,15,38,,1,,,,,,6/3/2015,15,38,,1,,,,,,6/5/2015,15,41,,2,,,,,,6/7/2015,10,40,,2,,,,,,6/9/2015,,41,,,,,,,,6/11/2015,,38,,,,,,,,6/13/2015,7,40,,2,,,,,,6/15/2015,6,40,,2,,,,,,6/17/2015,7,40,,2,,,,,some of the balsamroot leaves are starting to brown and die - very early in the season,6/19/2015,5,41,,1,,,,,,6/21/2015,5,39,,2,,,,,,6/23/2015,4,39,,2,,,,,,6/26/2015,3,38,,1,,,,,
ESR(2),2,5/24/2015,20,20,6,,,,,,,5/26/2015,23,25,5,,,,,,,5/29/2015,27,30,5,2,,,,,,6/1/2015,30,31,3,3,,,,,,6/3/2015,33,34,2,4,1,,,,,6/5/2015,36,36,2,4,1,,,,,6/7/2015,35,35,,4,2,,,,,6/9/2015,45,38,,2,3,,,,,6/11/2015,45,38,,3,3,,,,,6/13/2015,46,38,,,2,1,,,,6/15/2015,51,37,,4,2,1,,,,6/17/2015,53,37,,,,3,,,,6/19/2015,51,38,,1,,3,,,,6/21/2015,52,37,,4,,1,2,,,6/23/2015,52,39,,5,,2,1,,,6/26/2015,51,37,,3,,,3,,
ESR(2),3,5/24/2015,12,19,,4,,,,,,5/26/2015,14,24,,7,,,,,,5/29/2015,10,35,,3,,,,,,6/1/2015,17,36,,6,,,,,,6/3/2015,16,34,,7,,,,,,6/5/2015,16,40,,8,,,,,,6/7/2015,17,42,,7,,,,1,stalk only was an aborted bud,6/9/2015,15,44,,6,,,,,,6/11/2015,16,45,,5,,,,,,6/13/2015,15,48,,4,,,,,,6/15/2015,12,47,,6,,,,,,6/17/2015,11,47,,4,,,,,,6/19/2015,10,48,,4,,,,,,6/21/2015,10,48,,2,,,,,,6/23/2015,7,48,,2,,,,,,6/26/2015,9,47,,3,,,,,
ESR(2),4,5/24/2015,20,28,2,10,,,,,,5/26/2015,25,30,2,9,,,,,,5/29/2015,27,30,2,11,,,,,,6/1/2015,35,35,2,13,1,,,,,6/3/2015,39,40,2,12,1,,,,,6/5/2015,47,42,1,12,2,,,,,6/7/2015,52,43,1,13,2,,,,,6/9/2015,54,47,,10,3,,,,,6/11/2015,59,47,,9,3,,,,,6/13/2015,61,47,,7,1,2,,,,6/15/2015,64,50,,10,,3,,,,6/17/2015,66,49,,10,,,3,,,6/19/2015,65,49,,9,,,3,,,6/21/2015,64,49,,10,,,3,,,6/23/2015,64,48,,10,,2,1,,,6/26/2015,63,50,,10,,,3,,
ESR(2),5,5/24/2015,,,,,,,,,,5/26/2015,,,,,,,,,dead,5/29/2015,,,,,,,,,,6/1/2015,,,,,,,,,,6/3/2015,,,,,,,,,,6/5/2015,,,,,,,,,,6/7/2015,,,,,,,,,dead,6/9/2015,,,,,,,,,,6/11/2015,,,,,,,,,,6/13/2015,,,,,,,,,,6/15/2015,,,,,,,,,,6/17/2015,,,,,,,,,,6/19/2015,,,,,,,,,,6/21/2015,,,,,,,,,,6/23/2015,,,,,,,,,,6/26/2015,,,,,,,,,
ESR(2),6,5/24/2015,25,26,2,,,,,,,5/26/2015,30,32,3,,,,,,,5/29/2015,35,34,3,,,,,,,6/1/2015,42,37,3,,,,,,,6/3/2015,40,37,3,,1,,,,,6/5/2015,44,39,2,,2,,,,,6/7/2015,45,42,2,,2,,,,,6/9/2015,51,43,1,,2,,,,,6/11/2015,53,45,1,,3,,,,,6/13/2015,60,45,,,1,2,,,,6/15/2015,63,44,,,1,2,,,,6/17/2015,65,44,,,,1,2,,,6/19/2015,67,46,,,,1,2,,,6/21/2015,69,46,,,,1,2,,,6/23/2015,67,45,,,,1,2,,,6/26/2015,68,46,,,,,3,,
ESR(2),7,5/24/2015,,,,,,,,,,5/26/2015,,,,,,,,,,5/29/2015,,,,,,,,,,6/1/2015,,,,,,,,,,6/3/2015,,,,,,,,,,6/5/2015,,,,,,,,,,6/7/2015,,,,,,,,,dead,6/9/2015,,,,,,,,,,6/11/2015,,,,,,,,,,6/13/2015,,,,,,,,,,6/15/2015,,,,,,,,,,6/17/2015,,,,,,,,,,6/19/2015,,,,,,,,,,6/21/2015,,,,,,,,,,6/23/2015,,,,,,,,,,6/26/2015,,,,,,,,,
ESR(2),8,5/24/2015,31,28,6,,,,,,,5/26/2015,36,28,12,,1,,,,,5/29/2015,33,30,14,,1,,,,,6/1/2015,42,37,10,1,3,,,,,6/3/2015,48,43,10,2,3,,,,,6/5/2015,54,41,6,1,5,,,,,6/7/2015,43,41,7,3,6,,,,,6/9/2015,56,44,4,2,8,1,,,,6/11/2015,61,47,1,3,7,2,,,,6/13/2015,66,48,1,3,4,4,1,,,6/15/2015,69,48,,4,3,6,2,,,6/17/2015,71,47,,4,3,1,6,,,6/19/2015,67,50,,3,2,2,7,,,6/21/2015,67,49,,3,,3,9,,,6/23/2015,69,46,,3,,3,8,,,6/26/2015,70,48,,3,,,11,,
ESR(2),9,5/24/2015,,17,,,,,,,,5/26/2015,,21,,,,,,,,5/29/2015,,23,,,,,,,,6/1/2015,,27,,,,,,,,6/3/2015,,30,,,,,,,,6/5/2015,,32,,,,,,,,6/7/2015,,29,,,,,,,,6/9/2015,,32,,,,,,,,6/11/2015,,31,,,,,,,,6/13/2015,,33,,,,,,,,6/15/2015,,30,,,,,,,,6/17/2015,,30,,,,,,,,6/19/2015,,30,,,,,,,,6/21/2015,,32,,,,,,,,6/23/2015,,30,,,,,,,,6/26/2015,,30,,,,,,,
ESR(2),10,5/24/2015,,26,,,,,,,,5/26/2015,,21,,,,,,,,5/29/2015,,28,,,,,,,,6/1/2015,,27,,,,,,,,6/3/2015,,31,,,,,,,,6/5/2015,,32,,,,,,,,6/7/2015,,29,,,,,,,,6/9/2015,,32,,,,,,,,6/11/2015,,30,,,,,,,,6/13/2015,,30,,,,,,,,6/15/2015,,29,,,,,,,,6/17/2015,,28,,,,,,,,6/19/2015,,29,,,,,,,,6/21/2015,,30,,,,,,,,6/23/2015,,32,,,,,,,,6/26/2015,,31,,,,,,,
ESR(2),11,5/24/2015,,28,,,,,,,,5/26/2015,,26,,,,,,,,5/29/2015,,37,,,,,,,,6/1/2015,,33,,,,,,,,6/3/2015,,34,,,,,,,,6/5/2015,,38,,,,,,,,6/7/2015,,39,,,,,,,,6/9/2015,,42,,,,,,,,6/11/2015,,41,,,,,,,,6/13/2015,,40,,,,,,,,6/15/2015,,40,,,,,,,,6/17/2015,,39,,,,,,,,6/19/2015,,40,,,,,,,,6/21/2015,,40,,,,,,,,6/23/2015,,39,,,,,,,,6/26/2015,,40,,,,,,,
ESR(2),12,5/24/2015,,8,,,,,,,,5/26/2015,,9,,,,,,,,5/29/2015,,9,,,,,,,,6/1/2015,,9,,,,,,,,6/3/2015,,9,,,,,,,,6/5/2015,,10,,,,,,,,6/7/2015,,9,,,,,,,,6/9/2015,,10,,,,,,,,6/11/2015,,10,,,,,,,,6/13/2015,,10,,,,,,,,6/15/2015,,10,,,,,,,,6/17/2015,,10,,,,,,,,6/19/2015,,10,,,,,,,,6/21/2015,,10,,,,,,,,6/23/2015,,9,,,,,,,,6/26/2015,,8,,,,,,,Almost completely dried up
ESR(2),13,5/24/2015,,11,,,,,,,,5/26/2015,,11,,,,,,,,5/29/2015,,12,,,,,,,,6/1/2015,,13,,,,,,,,6/3/2015,,13,,,,,,,,6/5/2015,,13,,,,,,,,6/7/2015,,13,,,,,,,,6/9/2015,,13,,,,,,,,6/11/2015,,14,,,,,,,,6/13/2015,,13,,,,,,,,6/15/2015,,14,,,,,,,,6/17/2015,,14,,,,,,,,6/19/2015,,14,,,,,,,,6/21/2015,,14,,,,,,,,6/23/2015,,14,,,,,,,,6/26/2015,,13,,,,,,,
ESR(2),14,5/24/2015,,9,,,,,,,,5/26/2015,,8,,,,,,,,5/29/2015,,10,,,,,,,,6/1/2015,,10,,,,,,,,6/3/2015,,11,,,,,,,,6/5/2015,,12,,,,,,,,6/7/2015,,11,,,,,,,,6/9/2015,,11,,,,,,,,6/11/2015,,10,,,,,,,,6/13/2015,,12,,,,,,,,6/15/2015,,11,,,,,,,,6/17/2015,,11,,,,,,,,6/19/2015,,11,,,,,,,,6/21/2015,,11,,,,,,,,6/23/2015,,12,,,,,,,,6/26/2015,,12,,,,,,,
EHSR(1),1,5/24/2015,,36,,,,,,,,5/26/2015,,43,,,,,,,,5/29/2015,,42,,,,,,,,6/1/2015,,48,,,,,,,,6/3/2015,,51,,,,,,,,6/5/2015,,55,,,,,,,,6/7/2015,,55,,,,,,,,6/9/2015,,63,,,,,,,,6/11/2015,,57,,,,,,,,6/13/2015,,54,,,,,,,,6/15/2015,,56,,,,,,,,6/17/2015,,55,,,,,,,,6/19/2015,,56,,,,,,,,6/21/2015,,54,,,,,,,,6/23/2015,,54,,,,,,,,6/26/2015,,50,,,,,,,
EHSR(1),2,5/24/2015,31,27,8,,1,,,,,5/26/2015,35,30,8,,,,,,,5/29/2015,37,32,5,,4,,,,,6/1/2015,44,37,2,2,4,,,,,6/3/2015,47,38,2,2,5,,,,,6/5/2015,48,40,1,2,5,1,,,,6/7/2015,51,39,1,2,5,1,,,,6/9/2015,55,39,,2,3,2,2,,,6/11/2015,53,40,,2,3,3,1,,,6/13/2015,62,42,,1,,3,4,,,6/15/2015,64,40,,1,,2,5,,,6/17/2015,66,40,,,,,7,,,6/19/2015,66,41,,1,,,7,,,6/21/2015,67,41,,,,,7,,,6/23/2015,66,41,,1,,,7,,,6/26/2015,66,40,,1,,,7,,
EHSR(1),3,5/24/2015,,22,,,,,,,,5/26/2015,,24,,,,,,,,5/29/2015,,25,,,,,,,,6/1/2015,,30,,,,,,,,6/3/2015,,32,,,,,,,,6/5/2015,,33,,,,,,,,6/7/2015,,34,,,,,,,,6/9/2015,,33,,,,,,,,6/11/2015,,33,,,,,,,,6/13/2015,,33,,,,,,,,6/15/2015,,33,,,,,,,,6/17/2015,,35,,,,,,,,6/19/2015,,33,,,,,,,,6/21/2015,,33,,,,,,,,6/23/2015,,32,,,,,,,,6/26/2015,,33,,,,,,,
EHSR(1),4,5/24/2015,10,31,,1,,,,,,5/26/2015,10,33,,1,,,,,,5/29/2015,9,33,,1,,,,,,6/1/2015,,37,,,,,,,,6/3/2015,,38,,,,,,,,6/5/2015,,42,,,,,,,,6/7/2015,,42,,,,,,,,6/9/2015,,42,,,,,,,,6/11/2015,,42,,,,,,,,6/13/2015,,42,,,,,,,,6/15/2015,,40,,,,,,,,6/17/2015,,41,,,,,,,,6/19/2015,,38,,,,,,,,6/21/2015,,40,,,,,,,,6/23/2015,,38,,,,,,,,6/26/2015,,34,,,,,,,
EHSR(1),5,5/24/2015,,20,,,,,,,,5/26/2015,,25,,,,,,,,5/29/2015,,27,,,,,,,,6/1/2015,,30,,,,,,,,6/3/2015,,33,,,,,,,,6/5/2015,,33,,,,,,,,6/7/2015,,34,,,,,,,,6/9/2015,,33,,,,,,,,6/11/2015,,32,,,,,,,,6/13/2015,,32,,,,,,,,6/15/2015,,32,,,,,,,,6/17/2015,,33,,,,,,,,6/19/2015,,33,,,,,,,,6/21/2015,,33,,,,,,,,6/23/2015,,32,,,,,,,,6/26/2015,,33,,,,,,,
EHSR(1),6,5/24/2015,,17,,,,,,,,5/26/2015,,16,,,,,,,,5/29/2015,,20,,,,,,,,6/1/2015,,21,,,,,,,,6/3/2015,,22,,,,,,,,6/5/2015,,21,,,,,,,,6/7/2015,,21,,,,,,,,6/9/2015,,22,,,,,,,,6/11/2015,,21,,,,,,,,6/13/2015,,21,,,,,,,,6/15/2015,,20,,,,,,,,6/17/2015,,22,,,,,,,,6/19/2015,,21,,,,,,,,6/21/2015,,20,,,,,,,,6/23/2015,,19,,,,,,,,6/26/2015,,18,,,,,,,
EHSR(1),7,5/24/2015,,10,,,,,,,,5/26/2015,,11,,,,,,,,5/29/2015,,9,,,,,,,,6/1/2015,,10,,,,,,,,6/3/2015,,9,,,,,,,,6/5/2015,,8,,,,,,,,6/7/2015,,10,,,,,,,,6/9/2015,,10,,,,,,,,6/11/2015,,11,,,,,,,,6/13/2015,,10,,,,,,,,6/15/2015,,9,,,,,,,,6/17/2015,,10,,,,,,,,6/19/2015,,9,,,,,,,,6/21/2015,,9,,,,,,,,6/23/2015,,10,,,,,,,,6/26/2015,,9,,,,,,,
EH(4),1,5/24/2015,,,,,,,,,,5/26/2015,,,,,,,,,dead,5/29/2015,,,,,,,,,,6/1/2015,,,,,,,,,,6/3/2015,,,,,,,,,,6/5/2015,,,,,,,,,,6/7/2015,,,,,,,,,,6/9/2015,,,,,,,,,,6/11/2015,,,,,,,,,,6/13/2015,,,,,,,,,,6/15/2015,,,,,,,,,,6/17/2015,,,,,,,,,,6/19/2015,,,,,,,,,,6/21/2015,,,,,,,,,,6/23/2015,,,,,,,,,,6/26/2015,,,,,,,,,
EH(4),2,5/24/2015,,,,,,,,,,5/26/2015,,,,,,,,,dead,5/29/2015,,,,,,,,,,6/1/2015,,,,,,,,,,6/3/2015,,,,,,,,,,6/5/2015,,,,,,,,,,6/7/2015,,,,,,,,,,6/9/2015,,,,,,,,,,6/11/2015,,,,,,,,,,6/13/2015,,,,,,,,,,6/15/2015,,,,,,,,,,6/17/2015,,,,,,,,,,6/19/2015,,,,,,,,,,6/21/2015,,,,,,,,,,6/23/2015,,,,,,,,,,6/26/2015,,,,,,,,,
EH(4),3,5/24/2015,21,29,2,,,,,,,5/26/2015,24,31,2,,,,,,,5/29/2015,27,30,3,,,,,,,6/1/2015,32,38,2,,,,,,,6/3/2015,33,41,3,,,,,,,6/5/2015,35,42,2,,1,,,,,6/7/2015,37,42,1,,2,,,,,6/9/2015,41,43,1,,2,,,,,6/11/2015,43,43,1,,2,,,,,6/13/2015,47,43,,,3,,,,,6/15/2015,48,43,,,2,1,,,,6/17/2015,51,43,,,,2,1,,,6/19/2015,48,44,,,,2,1,,,6/21/2015,50,43,,,,2,1,,,6/23/2015,52,43,,,,2,1,,,6/26/2015,52,43,,,,,3,,
EH(4),4,5/24/2015,14,37,1,,,,,,,5/26/2015,16,36,1,,,,,,,5/29/2015,18,42,1,,,,,,,6/1/2015,23,38,1,,,,,,,6/3/2015,27,40,2,,,,,,,6/5/2015,32,37,2,,,,,,,6/7/2015,32,39,2,,,,,,,6/9/2015,37,43,,,1,,,,,6/11/2015,37,39,,,1,,,,,6/13/2015,38,43,,,1,,,,,6/15/2015,42,40,,,1,,,,,6/17/2015,42,42,,,,1,,,,6/19/2015,42,38,,,,1,,,,6/21/2015,42,41,,,,,1,,,6/23/2015,41,40,,,,1,,,,6/26/2015,42,37,,,,,1,,
EH(4),5,5/24/2015,28,29,5,,,,,,,5/26/2015,34,35,3,,1,,,,,5/29/2015,27,34,5,,,,,,,6/1/2015,35,36,3,,1,,,,,6/3/2015,38,39,2,,3,,,,,6/5/2015,43,42,2,,3,,,,,6/7/2015,46,41,3,,2,1,,,,6/9/2015,47,42,2,,3,,1,,,6/11/2015,53,42,1,,3,1,,,,6/13/2015,55,41,1,,2,2,1,,,6/15/2015,58,41,,,1,2,2,,,6/17/2015,55,41,1,,1,1,3,,,6/19/2015,59,42,,,,1,4,,,6/21/2015,58,38,,,1,1,3,,,6/23/2015,60,41,,,1,2,3,,,6/26/2015,59,40,,,1,,5,,
EH(4),6,5/24/2015,16,28,2,,,,,,,5/26/2015,22,38,13,,,,,,,5/29/2015,25,32,9,,,,,,,6/1/2015,27,38,12,,2,,,,,6/3/2015,30,40,14,,3,,,,,6/5/2015,32,42,8,,6,,,,,6/7/2015,35,42,15,,5,,,,,6/9/2015,40,42,7,1,10,,,,,6/11/2015,42,44,3,,10,2,,,,6/13/2015,44,41,2,1,7,7,,,,6/15/2015,45,41,2,1,2,10,,,,6/17/2015,46,41,1,2,1,9,3,,,6/19/2015,48,40,,2,,6,7,,,6/21/2015,47,39,,2,,4,10,,,6/23/2015,48,39,1,2,,5,9,,,6/26/2015,46,39,,5,,,11,,
EH(4),7,5/24/2015,18,33,1,,,,,,,5/26/2015,,29,,,,,,,,5/29/2015,20,37,1,,,,,,,6/1/2015,30,34,1,,,,,,,6/3/2015,33,35,,,1,,,,,6/5/2015,36,39,,,1,,,,,6/7/2015,38,39,,,1,,,,,6/9/2015,40,43,,,1,,,,,6/11/2015,43,41,,,1,,,,,6/13/2015,45,39,,,1,,,,,6/15/2015,45,31,,,1,,,,,6/17/2015,48,37,,,,1,,,,6/19/2015,50,36,,,,1,,,,6/21/2015,49,37,,,,1,,,,6/23/2015,50,38,,,,1,,,,6/26/2015,51,37,,,,,1,,
EH(4),8,5/24/2015,,16,,,,,,,,5/26/2015,17,29,2,,,,,,,5/29/2015,24,29,3,,,,,,,6/1/2015,30,33,1,,1,,,,,6/3/2015,32,33,2,,1,,,,,6/5/2015,38,42,2,,1,,,,,6/7/2015,40,38,2,,2,,,,,6/9/2015,41,42,2,,2,,,,,6/11/2015,44,41,,,4,,,,,6/13/2015,42,41,,,3,1,,,,6/15/2015,47,40,,,3,1,,,,6/17/2015,50,39,,,1,3,,,,6/19/2015,49,39,,,,2,2,,,6/21/2015,48,38,,,,2,2,,,6/23/2015,49,37,,,,2,2,,,6/26/2015,49,37,,,,,3,,
EH(4),9,5/24/2015,,23,,,,,,,,5/26/2015,,28,,,,,,,,5/29/2015,,25,,,,,,,,6/1/2015,,32,,,,,,,,6/3/2015,,35,,,,,,,,6/5/2015,,35,,,,,,,,6/7/2015,,36,,,,,,,,6/9/2015,,35,,,,,,,,6/11/2015,,33,,,,,,,,6/13/2015,,31,,,,,,,,6/15/2015,,32,,,,,,,,6/17/2015,,32,,,,,,,,6/19/2015,,35,,,,,,,,6/21/2015,,33,,,,,,,,6/23/2015,,34,,,,,,,,6/26/2015,,34,,,,,,,
EH(4),10,5/24/2015,,29,,,,,,,,5/26/2015,,31,,,,,,,,5/29/2015,,30,,,,,,,,6/1/2015,,36,,,,,,,,6/3/2015,,36,,,,,,,,6/5/2015,,37,,,,,,,,6/7/2015,,37,,,,,,,,6/9/2015,,35,,,,,,,,6/11/2015,,38,,,,,,,,6/13/2015,,37,,,,,,,,6/15/2015,,37,,,,,,,,6/17/2015,,38,,,,,,,,6/19/2015,,40,,,,,,,,6/21/2015,,36,,,,,,,,6/23/2015,,36,,,,,,,,6/26/2015,,37,,,,,,,
EH(4),11,5/24/2015,,26,,,,,,,,5/26/2015,7,31,1,,,,,,,5/29/2015,7,28,1,,,,,,,6/1/2015,,34,,,,,,,,6/3/2015,5,32,,1,,,,,,6/5/2015,,33,,,,,,,,6/7/2015,,34,,,,,,,,6/9/2015,4,37,,1,,,,,,6/11/2015,4,34,,1,,,,,,6/13/2015,5,36,,1,,,,,,6/15/2015,4,35,,1,,,,,,6/17/2015,3,35,,1,,,,,,6/19/2015,4,36,,1,,,,,,6/21/2015,2,37,,1,,,,,,6/23/2015,3,36,,1,,,,,,6/26/2015,3,36,,1,,,,,
EH(4),12,5/24/2015,,18,,,,,,,,5/26/2015,,21,,,,,,,,5/29/2015,,22,,,,,,,,6/1/2015,,28,,,,,,,,6/3/2015,,27,,,,,,,,6/5/2015,,29,,,,,,,,6/7/2015,,33,,,,,,,,6/9/2015,,30,,,,,,,,6/11/2015,,29,,,,,,,,6/13/2015,,28,,,,,,,,6/15/2015,,29,,,,,,,,6/17/2015,,28,,,,,,,,6/19/2015,,30,,,,,,,,6/21/2015,,28,,,,,,,,6/23/2015,,30,,,,,,,,6/26/2015,,29,,,,,,,
EH(4),13,5/24/2015,,28,,,,,,,,5/26/2015,,27,,,,,,,,5/29/2015,,28,,,,,,,,6/1/2015,,35,,,,,,,,6/3/2015,,33,,,,,,,,6/5/2015,,32,,,,,,,,6/7/2015,,33,,,,,,,,6/9/2015,,33,,,,,,,,6/11/2015,,25,,,,,,,,6/13/2015,,35,,,,,,,,6/15/2015,,36,,,,,,,,6/17/2015,,36,,,,,,,,6/19/2015,,34,,,,,,,,6/21/2015,,33,,,,,,,,6/23/2015,,33,,,,,,,,6/26/2015,,32,,,,,,,
EH(4),14,5/24/2015,,26,,,,,,,,5/26/2015,,27,,,,,,,,5/29/2015,,24,,,,,,,,6/1/2015,,25,,,,,,,,6/3/2015,,25,,,,,,,,6/5/2015,,30,,,,,,,,6/7/2015,,28,,,,,,,,6/9/2015,,29,,,,,,,,6/11/2015,,28,,,,,,,,6/13/2015,,28,,,,,,,,6/15/2015,,28,,,,,,,,6/17/2015,,28,,,,,,,,6/19/2015,,28,,,,,,,,6/21/2015,,28,,,,,,,,6/23/2015,,28,,,,,,,,6/26/2015,,28,,,,,,,
EH(4),15,5/24/2015,,15,,,,,,,,5/26/2015,,15,,,,,,,,5/29/2015,,14,,,,,,,,6/1/2015,,14,,,,,,,,6/3/2015,,14,,,,,,,,6/5/2015,,14,,,,,,,,6/7/2015,,14,,,,,,,,6/9/2015,,14,,,,,,,,6/11/2015,,14,,,,,,,,6/13/2015,,14,,,,,,,,6/15/2015,,14,,,,,,,,6/17/2015,,14,,,,,,,,6/19/2015,,14,,,,,,,,6/21/2015,,14,,,,,,,,6/23/2015,,14,,,,,,,,6/26/2015,,13,,,,,,,
EH(4),16,5/24/2015,,17,,,,,,,,5/26/2015,,16,,,,,,,,5/29/2015,,12,,,,,,,,6/1/2015,,18,,,,,,,,6/3/2015,,18,,,,,,,,6/5/2015,,17,,,,,,,,6/7/2015,,18,,,,,,,,6/9/2015,,19,,,,,,,,6/11/2015,,18,,,,,,,,6/13/2015,,18,,,,,,,,6/15/2015,,18,,,,,,,,6/17/2015,,18,,,,,,,,6/19/2015,,17,,,,,,,,6/21/2015,,17,,,,,,,,6/23/2015,,17,,,,,,,,6/26/2015,,15,,,,,,,
EH(4),17,5/24/2015,,19,,,,,,,,5/26/2015,,19,,,,,,,,5/29/2015,,16,,,,,,,,6/1/2015,,23,,,,,,,,6/3/2015,,24,,,,,,,,6/5/2015,,24,,,,,,,,6/7/2015,,24,,,,,,,,6/9/2015,,24,,,,,,,,6/11/2015,,25,,,,,,,,6/13/2015,,24,,,,,,,,6/15/2015,,24,,,,,,,,6/17/2015,,25,,,,,,,,6/19/2015,,24,,,,,,,,6/21/2015,,24,,,,,,,,6/23/2015,,24,,,,,,,,6/26/2015,,22,,,,,,,
EH(4),18,5/24/2015,,,,,,,,,,5/26/2015,,,,,,,,,dead,5/29/2015,,,,,,,,,,6/1/2015,,,,,,,,,,6/3/2015,,,,,,,,,,6/5/2015,,,,,,,,,,6/7/2015,,,,,,,,,,6/9/2015,,,,,,,,,,6/11/2015,,,,,,,,,,6/13/2015,,,,,,,,,,6/15/2015,,,,,,,,,,6/17/2015,,,,,,,,,,6/19/2015,,,,,,,,,,6/21/2015,,,,,,,,,,6/23/2015,,,,,,,,,,6/26/2015,,,,,,,,,
EH(4),19,5/24/2015,,19,,,,,,,,5/26/2015,,19,,,,,,,,5/29/2015,,19,,,,,,,,6/1/2015,,20,,,,,,,,6/3/2015,,23,,,,,,,,6/5/2015,,22,,,,,,,,6/7/2015,,21,,,,,,,,6/9/2015,,22,,,,,,,,6/11/2015,,21,,,,,,,,6/13/2015,,22,,,,,,,,6/15/2015,,21,,,,,,,,6/17/2015,,22,,,,,,,,6/19/2015,,20,,,,,,,,6/21/2015,,20,,,,,,,,6/23/2015,,21,,,,,,,,6/26/2015,,18,,,,,,,
EH(4),20,5/24/2015,,17,,,,,,,,5/26/2015,,17,,,,,,,,5/29/2015,,18,,,,,,,,6/1/2015,,16,,,,,,,,6/3/2015,,18,,,,,,,,6/5/2015,,18,,,,,,,,6/7/2015,,18,,,,,,,,6/9/2015,,19,,,,,,,,6/11/2015,,19,,,,,,,,6/13/2015,,18,,,,,,,,6/15/2015,,19,,,,,,,,6/17/2015,,19,,,,,,,,6/19/2015,,19,,,,,,,,6/21/2015,,19,,,,,,,,6/23/2015,,18,,,,,,,,6/26/2015,,18,,,,,,,
EH(4),21,5/24/2015,,17,,,,,,,,5/26/2015,,16,,,,,,,,5/29/2015,,16,,,,,,,,6/1/2015,,16,,,,,,,,6/3/2015,,16,,,,,,,,6/5/2015,,15,,,,,,,,6/7/2015,,15,,,,,,,,6/9/2015,,15,,,,,,,,6/11/2015,,16,,,,,,,,6/13/2015,,16,,,,,,,,6/15/2015,,16,,,,,,,,6/17/2015,,15,,,,,,,,6/19/2015,,15,,,,,,,,6/21/2015,,16,,,,,,,,6/23/2015,,15,,,,,,,,6/26/2015,,15,,,,,,,
EH(4),22,5/24/2015,,17,,,,,,,,5/26/2015,,18,,,,,,,,5/29/2015,,20,,,,,,,,6/1/2015,,19,,,,,,,,6/3/2015,,18,,,,,,,,6/5/2015,,20,,,,,,,,6/7/2015,,20,,,,,,,,6/9/2015,,19,,,,,,,,6/11/2015,,19,,,,,,,,6/13/2015,,20,,,,,,,,6/15/2015,,20,,,,,,,,6/17/2015,,20,,,,,,,,6/19/2015,,20,,,,,,,,6/21/2015,,20,,,,,,,,6/23/2015,,21,,,,,,,,6/26/2015,,19,,,,,,,
EC(3),1,5/24/2015,17,29,,1,,,,,,5/26/2015,15,31,1,,,,,,,5/29/2015,16,30,1,,,,,,,6/1/2015,,35,,,,,,,,6/3/2015,12,36,,1,,,,,,6/5/2015,11,41,1,,,,,,,6/7/2015,,43,,,,,,,,6/9/2015,10,42,,1,,,,,,6/11/2015,8,45,,1,,,,,,6/13/2015,,46,,,,,,,,6/15/2015,5,45,,1,,,,,,6/17/2015,4,43,,1,,,,,,6/19/2015,,45,,,,,,,,6/21/2015,,44,,,,,,,,6/23/2015,,44,,,,,,,,6/26/2015,,44,,,,,,,
EC(3),2,5/24/2015,,20,,,,,,,,5/26/2015,9,18,1,,,,,,,5/29/2015,8,20,1,,,,,,,6/1/2015,9,25,1,,,,,,,6/3/2015,9,28,,1,,,,,,6/5/2015,,30,,,,,,,,6/7/2015,,27,,,,,,,,6/9/2015,,32,,,,,,,,6/11/2015,4,31,,1,,,,,,6/13/2015,3,31,,1,,,,,,6/15/2015,,31,,,,,,,,6/17/2015,,33,,,,,,,,6/19/2015,,33,,,,,,,,6/21/2015,,31,,,,,,,,6/23/2015,,32,,,,,,,,6/26/2015,2,33,,1,,,,,
EC(3),3,5/24/2015,28,29,1,3,,,,,,5/26/2015,33,34,2,1,,,,,,5/29/2015,29,36,2,2,,,,,,6/1/2015,42,41,,4,1,,,,,6/3/2015,41,39,,4,1,,,,,6/5/2015,44,43,,2,1,,,,,6/7/2015,39,43,,4,1,,,,,6/9/2015,44,40,,2,1,,,,,6/11/2015,51,43,,1,1,,,,,6/13/2015,50,45,,1,1,,,,,6/15/2015,49,42,,2,,1,,,,6/17/2015,47,41,,2,,,,,,6/19/2015,44,40,,2,,,1,,,6/21/2015,42,39,,2,,,1,,,6/23/2015,39,39,,2,,,1,,,6/26/2015,35,41,,2,,,1,,
EC(3),4,5/24/2015,,26,,,,,,,,5/26/2015,,28,,,,,,,,5/29/2015,,27,,,,,,,,6/1/2015,,33,,,,,,,,6/3/2015,,33,,,,,,,,6/5/2015,,35,,,,,,,,6/7/2015,,36,,,,,,,,6/9/2015,,38,,,,,,,,6/11/2015,,38,,,,,,,,6/13/2015,,40,,,,,,,,6/15/2015,,37,,,,,,,,6/17/2015,,37,,,,,,,,6/19/2015,,38,,,,,,,,6/21/2015,,37,,,,,,,,6/23/2015,,37,,,,,,,,6/26/2015,,39,,,,,,,
EC(3),5,5/24/2015,,24,,,,,,,,5/26/2015,,24,,,,,,,,5/29/2015,,21,,,,,,,,6/1/2015,,32,,,,,,,,6/3/2015,,343,,,,,,,,6/5/2015,,36,,,,,,,,6/7/2015,,35,,,,,,,starting to brown,6/9/2015,,37,,,,,,,,6/11/2015,,37,,,,,,,,6/13/2015,,37,,,,,,,,6/15/2015,,37,,,,,,,,6/17/2015,,37,,,,,,,,6/19/2015,,37,,,,,,,,6/21/2015,,37,,,,,,,,6/23/2015,,37,,,,,,,,6/26/2015,,39,,,,,,,
EC(3),6,5/24/2015,,,,,,,,,,5/26/2015,,,,,,,,,dead,5/29/2015,,,,,,,,,,6/1/2015,,,,,,,,,,6/3/2015,,,,,,,,,,6/5/2015,,,,,,,,,,6/7/2015,,,,,,,,,,6/9/2015,,,,,,,,,,6/11/2015,,,,,,,,,,6/13/2015,,,,,,,,,,6/15/2015,,,,,,,,,,6/17/2015,,,,,,,,,,6/19/2015,,,,,,,,,,6/21/2015,,,,,,,,,,6/23/2015,,,,,,,,,,6/26/2015,,,,,,,,,
EC(3),7,5/24/2015,,20,,,,,,,,5/26/2015,,19,,,,,,,,5/29/2015,,21,,,,,,,,6/1/2015,,23,,,,,,,,6/3/2015,,26,,,,,,,,6/5/2015,,26,,,,,,,,6/7/2015,,27,,,,,,,,6/9/2015,,27,,,,,,,,6/11/2015,,26,,,,,,,,6/13/2015,,27,,,,,,,,6/15/2015,,26,,,,,,,,6/17/2015,,26,,,,,,,,6/19/2015,,26,,,,,,,,6/21/2015,,27,,,,,,,,6/23/2015,,27,,,,,,,,6/26/2015,,28,,,,,,,
EC(3),8,5/24/2015,20,27,1,,,,,,,5/26/2015,23,28,2,,,,,,,5/29/2015,22,30,2,,,,,,,6/1/2015,34,33,2,,,,,,,6/3/2015,37,35,1,1,,,,,,6/5/2015,42,33,,1,1,,,,,6/7/2015,40,33,,1,1,,,,,6/9/2015,48,36,,,1,,,,,6/11/2015,53,37,,,1,,,,,6/13/2015,55,37,,,1,,,,,6/15/2015,58,37,,,,1,,,,6/17/2015,58,36,,1,,1,,,,6/19/2015,59,37,,1,,1,,,,6/21/2015,61,38,,1,,,1,,,6/23/2015,61,37,,,,1,,,,6/26/2015,62,38,,1,,,1,,
EC(3),9,5/24/2015,,18,,,,,,,,5/26/2015,,18,,,,,,,,5/29/2015,,17,,,,,,,,6/1/2015,,20,,,,,,,,6/3/2015,,21,,,,,,,,6/5/2015,,22,,,,,,,,6/7/2015,,22,,,,,,,,6/9/2015,,23,,,,,,,,6/11/2015,,20,,,,,,,,6/13/2015,,25,,,,,,,,6/15/2015,,22,,,,,,,,6/17/2015,,21,,,,,,,,6/19/2015,,18,,,,,,,,6/21/2015,,18,,,,,,,,6/23/2015,,16,,,,,,,,6/26/2015,,12,,,,,,,starting to wilt and brown
EC(3),10,5/24/2015,,18,,,,,,,,5/26/2015,,16,,,,,,,,5/29/2015,,15,,,,,,,,6/1/2015,,17,,,,,,,,6/3/2015,,18,,,,,,,,6/5/2015,,20,,,,,,,,6/7/2015,,19,,,,,,,,6/9/2015,,20,,,,,,,,6/11/2015,,20,,,,,,,,6/13/2015,,20,,,,,,,,6/15/2015,,19,,,,,,,,6/17/2015,,20,,,,,,,,6/19/2015,,19,,,,,,,,6/21/2015,,19,,,,,,,,6/23/2015,,19,,,,,,,,6/26/2015,,18,,,,,,,
EC(3),11,5/24/2015,,20,,,,,,,,5/26/2015,,16,,,,,,,,5/29/2015,,12,,,,,,,,6/1/2015,,22,,,,,,,,6/3/2015,,22,,,,,,,,6/5/2015,,23,,,,,,,,6/7/2015,,23,,,,,,,,6/9/2015,,23,,,,,,,,6/11/2015,,23,,,,,,,,6/13/2015,,23,,,,,,,,6/15/2015,,22,,,,,,,,6/17/2015,,22,,,,,,,,6/19/2015,,21,,,,,,,,6/21/2015,,20,,,,,,,,6/23/2015,,20,,,,,,,,6/26/2015,,19,,,,,,,
EC(3),12,5/24/2015,,14,,,,,,,,5/26/2015,,14,,,,,,,,5/29/2015,,17,,,,,,,,6/1/2015,,18,,,,,,,,6/3/2015,,17,,,,,,,,6/5/2015,,20,,,,,,,,6/7/2015,,19,,,,,,,,6/9/2015,,20,,,,,,,,6/11/2015,,21,,,,,,,,6/13/2015,,21,,,,,,,,6/15/2015,,18,,,,,,,,6/17/2015,,18,,,,,,,,6/19/2015,,20,,,,,,,,6/21/2015,,20,,,,,,,,6/23/2015,,20,,,,,,,,6/26/2015,,19,,,,,,,
EC(3),13,5/24/2015,,10,,,,,,,,5/26/2015,,10,,,,,,,,5/29/2015,,11,,,,,,,,6/1/2015,,13,,,,,,,,6/3/2015,,13,,,,,,,,6/5/2015,,13,,,,,,,,6/7/2015,,13,,,,,,,,6/9/2015,,13,,,,,,,,6/11/2015,,13,,,,,,,,6/13/2015,,13,,,,,,,,6/15/2015,,13,,,,,,,,6/17/2015,,13,,,,,,,,6/19/2015,,13,,,,,,,1 dead leaf,6/21/2015,,13,,,,,,,,6/23/2015,,13,,,,,,,,6/26/2015,,13,,,,,,,
CC(6),1,5/24/2015,,33,,,,,,,,5/26/2015,,34,,,,,,,,5/29/2015,12,29,1,,,,,,,6/1/2015,11,39,,1,,,,,,6/3/2015,10,40,,1,,,,,leaf tips & edges are browning,6/5/2015,12,44,,1,,,,,still brown leaves,6/7/2015,12,43,,1,,,,,,6/9/2015,10,47,,1,,,,,,6/11/2015,10,47,,1,,,,,,6/13/2015,5,47,,1,,,,,,6/15/2015,4,41,,1,,,,,,6/17/2015,2,41,,1,,,,,,6/19/2015,3,42,,1,,,,,,6/21/2015,2,42,,1,,,,,,6/23/2015,2,37,,1,,,,,,6/26/2015,2,40,,1,,,,,
CC(6),2,5/24/2015,,22,,,,,,,,5/26/2015,,24,,,,,,,,5/29/2015,,27,,,,,,,,6/1/2015,,29,,,,,,,,6/3/2015,,31,,,,,,,,6/5/2015,,33,,,,,,,,6/7/2015,,34,,,,,,,,6/9/2015,,32,,,,,,,,6/11/2015,,31,,,,,,,,6/13/2015,,31,,,,,,,,6/15/2015,,30,,,,,,,,6/17/2015,,32,,,,,,,,6/19/2015,,33,,,,,,,,6/21/2015,,33,,,,,,,,6/23/2015,,32,,,,,,,,6/26/2015,,31,,,,,,,
CC(6),3,5/24/2015,,28,,,,,,,,5/26/2015,,24,,,,,,,,5/29/2015,,28,,,,,,,,6/1/2015,,29,,,,,,,,6/3/2015,,34,,,,,,,,6/5/2015,,34,,,,,,,,6/7/2015,,35,,,,,,,,6/9/2015,,36,,,,,,,,6/11/2015,,34,,,,,,,,6/13/2015,,36,,,,,,,,6/15/2015,,33,,,,,,,,6/17/2015,,35,,,,,,,,6/19/2015,,35,,,,,,,,6/21/2015,,35,,,,,,,,6/23/2015,,35,,,,,,,,6/26/2015,,33,,,,,,,
CC(6),4,5/24/2015,,22,,,,,,,,5/26/2015,,23,,,,,,,,5/29/2015,,25,,,,,,,,6/1/2015,,28,,,,,,,,6/3/2015,,30,,,,,,,,6/5/2015,,33,,,,,,,,6/7/2015,,34,,,,,,,,6/9/2015,,36,,,,,,,,6/11/2015,,34,,,,,,,,6/13/2015,,34,,,,,,,,6/15/2015,,34,,,,,,,,6/17/2015,,35,,,,,,,,6/19/2015,,33,,,,,,,,6/21/2015,,34,,,,,,,,6/23/2015,,34,,,,,,,,6/26/2015,,32,,,,,,,
CC(6),5,5/24/2015,,24,,,,,,,,5/26/2015,,26,,,,,,,,5/29/2015,,23,,,,,,,,6/1/2015,,32,,,,,,,,6/3/2015,,31,,,,,,,,6/5/2015,,36,,,,,,,,6/7/2015,,36,,,,,,,,6/9/2015,,39,,,,,,,,6/11/2015,,38,,,,,,,,6/13/2015,,39,,,,,,,,6/15/2015,,37,,,,,,,,6/17/2015,,38,,,,,,,,6/19/2015,,40,,,,,,,,6/21/2015,,38,,,,,,,,6/23/2015,,38,,,,,,,,6/26/2015,,39,,,,,,,
CC(6),6,5/24/2015,,25,,,,,,,,5/26/2015,,26,,,,,,,,5/29/2015,,26,,,,,,,,6/1/2015,,26,,,,,,,,6/3/2015,,29,,,,,,,,6/5/2015,,33,,,,,,,,6/7/2015,,32,,,,,,,,6/9/2015,,35,,,,,,,,6/11/2015,,31,,,,,,,,6/13/2015,,33,,,,,,,,6/15/2015,,33,,,,,,,,6/17/2015,,31,,,,,,,,6/19/2015,,33,,,,,,,,6/21/2015,,32,,,,,,,,6/23/2015,,32,,,,,,,,6/26/2015,,33,,,,,,,
CC(6),7,5/24/2015,,25,,,,,,,,5/26/2015,,28,,,,,,,,5/29/2015,,26,,,,,,,,6/1/2015,,34,,,,,,,,6/3/2015,,33,,,,,,,,6/5/2015,,35,,,,,,,,6/7/2015,,33,,,,,,,,6/9/2015,,37,,,,,,,,6/11/2015,,36,,,,,,,,6/13/2015,,36,,,,,,,,6/15/2015,,35,,,,,,,,6/17/2015,,35,,,,,,,,6/19/2015,,34,,,,,,,,6/21/2015,,34,,,,,,,,6/23/2015,,30,,,,,,,,6/26/2015,,34,,,,,,,
CC(6),8,5/24/2015,,20,,,,,,,,5/26/2015,,18,,,,,,,,5/29/2015,,21,,,,,,,,6/1/2015,,24,,,,,,,,6/3/2015,,23,,,,,,,,6/5/2015,,25,,,,,,,,6/7/2015,,25,,,,,,,,6/9/2015,,25,,,,,,,,6/11/2015,,26,,,,,,,,6/13/2015,,26,,,,,,,,6/15/2015,,26,,,,,,,,6/17/2015,,25,,,,,,,,6/19/2015,,26,,,,,,,,6/21/2015,,24,,,,,,,,6/23/2015,,24,,,,,,,,6/26/2015,,24,,,,,,,
CC(6),9,5/24/2015,31,31,12,,,,,,,5/26/2015,34,35,8,2,2,,,,,5/29/2015,36,34,10,,2,,,,,6/1/2015,40,39,4,,6,,,,,6/3/2015,43,40,2,1,8,,,,,6/5/2015,48,41,,1,10,,,,,6/7/2015,52,46,,1,10,,,,,6/9/2015,50,47,,1,9,,1,,,6/11/2015,53,44,,1,10,,,,,6/13/2015,60,48,,1,,7,3,,,6/15/2015,62,48,,1,,8,1,,,6/17/2015,62,48,,1,,4,6,,,6/19/2015,63,49,,1,,4,6,,,6/21/2015,63,46,,1,,,10,,,6/23/2015,62,48,,1,,1,9,,,6/26/2015,62,46,,1,,,10,,
CC(6),10,5/24/2015,24,33,1,,,,,,,5/26/2015,28,33,1,,,,,,,5/29/2015,31,37,1,,,,,,,6/1/2015,36,43,1,1,,,,,,6/3/2015,38,45,1,,,,,,,6/5/2015,42,47,,,1,,,,,6/7/2015,46,49,,1,1,,,,,6/9/2015,46,49,,1,1,,,,,6/11/2015,48,50,,,,1,,,,6/13/2015,50,49,,,,1,,,,6/15/2015,51,48,,,,,1,,,6/17/2015,50,50,,,,,1,,,6/19/2015,50,49,,,,,1,,,6/21/2015,50,49,,,,,1,,,6/23/2015,50,50,,,,,1,,,6/26/2015,50,50,,,,,1,,
CC(6),11,5/24/2015,,18,,,,,,,,5/26/2015,,18,,,,,,,,5/29/2015,,16,,,,,,,,6/1/2015,,19,,,,,,,,6/3/2015,,20,,,,,,,,6/5/2015,,20,,,,,,,,6/7/2015,,22,,,,,,,,6/9/2015,,21,,,,,,,,6/11/2015,,21,,,,,,,,6/13/2015,,21,,,,,,,,6/15/2015,,20,,,,,,,,6/17/2015,,21,,,,,,,,6/19/2015,,21,,,,,,,,6/21/2015,,21,,,,,,,,6/23/2015,,21,,,,,,,,6/26/2015,,21,,,,,,,
CC(6),12,5/24/2015,,23,,,,,,,,5/26/2015,,22,,,,,,,,5/29/2015,,25,,,,,,,,6/1/2015,,27,,,,,,,,6/3/2015,,28,,,,,,,,6/5/2015,,29,,,,,,,,6/7/2015,,29,,,,,,,,6/9/2015,,28,,,,,,,,6/11/2015,,28,,,,,,,,6/13/2015,,28,,,,,,,,6/15/2015,,26,,,,,,,,6/17/2015,,28,,,,,,,,6/19/2015,,28,,,,,,,,6/21/2015,,29,,,,,,,,6/23/2015,,28,,,,,,,,6/26/2015,,27,,,,,,,
CC(6),13,5/24/2015,,19,,,,,,,,5/26/2015,,19,,,,,,,,5/29/2015,,22,,,,,,,,6/1/2015,,27,,,,,,,,6/3/2015,,27,,,,,,,,6/5/2015,,27,,,,,,,,6/7/2015,,29,,,,,,,,6/9/2015,,27,,,,,,,,6/11/2015,,28,,,,,,,,6/13/2015,,27,,,,,,,,6/15/2015,,27,,,,,,,,6/17/2015,,27,,,,,,,,6/19/2015,,28,,,,,,,,6/21/2015,,28,,,,,,,,6/23/2015,,27,,,,,,,,6/26/2015,,24,,,,,,,
CC(6),14,5/24/2015,,22,,,,,,,,5/26/2015,,26,,,,,,,,5/29/2015,,22,,,,,,,,6/1/2015,,31,,,,,,,,6/3/2015,,32,,,,,,,,6/5/2015,,33,,,,,,,,6/7/2015,,33,,,,,,,,6/9/2015,,35,,,,,,,,6/11/2015,,33,,,,,,,,6/13/2015,,33,,,,,,,,6/15/2015,,32,,,,,,,,6/17/2015,,32,,,,,,,,6/19/2015,,31,,,,,,,,6/21/2015,,31,,,,,,,,6/23/2015,,29,,,,,,,,6/26/2015,,28,,,,,,,
CC(6),15,5/24/2015,,8,,,,,,,,5/26/2015,,9,,,,,,,,5/29/2015,,8,,,,,,,,6/1/2015,,10,,,,,,,,6/3/2015,,10,,,,,,,,6/5/2015,,10,,,,,,,,6/7/2015,,8,,,,,,,,6/9/2015,,8,,,,,,,,6/11/2015,,8,,,,,,,,6/13/2015,,9,,,,,,,,6/15/2015,,9,,,,,,,,6/17/2015,,9,,,,,,,,6/19/2015,,9,,,,,,,,6/21/2015,,10,,,,,,,,6/23/2015,,9,,,,,,,,6/26/2015,,10,,,,,,,
CC(6),16,5/24/2015,,17,,,,,,,,5/26/2015,,6,,,,,,,,5/29/2015,,8,,,,,,,,6/1/2015,,13,,,,,,,,6/3/2015,,12,,,,,,,,6/5/2015,,13,,,,,,,,6/7/2015,,13,,,,,,,,6/9/2015,,13,,,,,,,,6/11/2015,,13,,,,,,,,6/13/2015,,12,,,,,,,,6/15/2015,,13,,,,,,,,6/17/2015,,12,,,,,,,,6/19/2015,,13,,,,,,,,6/21/2015,,13,,,,,,,,6/23/2015,,12,,,,,,,,6/26/2015,,12,,,,,,,
CH(5),1,5/24/2015,,,,,,,,,removed from study,5/26/2015,,,,,,,,,,5/29/2015,,,,,,,,,,6/1/2015,,,,,,,,,,6/3/2015,,,,,,,,,,6/5/2015,,,,,,,,,,6/7/2015,,,,,,,,,,6/9/2015,,,,,,,,,,6/11/2015,,,,,,,,,,6/13/2015,,,,,,,,,,6/15/2015,,,,,,,,,,6/17/2015,,,,,,,,,,6/19/2015,,,,,,,,,,6/21/2015,,,,,,,,,,6/23/2015,,,,,,,,,,6/26/2015,,,,,,,,,
CH(5),2,5/24/2015,22,32,3,,,,,,,5/26/2015,33,35,3,,,,,,,5/29/2015,33,39,3,,,,,,,6/1/2015,42,43,2,,1,,,,,6/3/2015,44,44,,,3,,,,,6/5/2015,46,48,,,,,,,,6/7/2015,46,49,,,3,,,,,6/9/2015,53,52,,,3,,,,,6/11/2015,56,50,,,3,,,,,6/13/2015,60,51,,,,3,,,,6/15/2015,61,50,,,,3,,,,6/17/2015,62,51,,,,2,1,,,6/19/2015,64,51,,,,,3,,,6/21/2015,65,49,,,,,3,,,6/23/2015,66,52,,,,,3,,,6/26/2015,65,50,,,,,3,,
CH(5),3,5/24/2015,,25,,,,,,,,5/26/2015,,27,,,,,,,,5/29/2015,,33,,,,,,,,6/1/2015,,37,,,,,,,,6/3/2015,,37,,,,,,,,6/5/2015,,43,,,,,,,,6/7/2015,,44,,,,,,,,6/9/2015,,49,,,,,,,,6/11/2015,,46,,,,,,,,6/13/2015,,44,,,,,,,,6/15/2015,,43,,,,,,,,6/17/2015,,43,,,,,,,,6/19/2015,,45,,,,,,,,6/21/2015,,45,,,,,,,,6/23/2015,,44,,,,,,,,6/26/2015,,44,,,,,,,
CH(5),4,5/24/2015,6,25,1,,,,,,,5/26/2015,8,26,1,,,,,,,5/29/2015,6,27,1,,,,,,,6/1/2015,7,34,,,1,,,,Very short fully flowering on plant 4; Flower has almost no stem.,6/3/2015,9,32,,,1,,,,,6/5/2015,11,33,,,1,,,,,6/7/2015,11,31,,,1,,,,,6/9/2015,11,39,,,1,,,,,6/11/2015,12,42,,,1,,,,,6/13/2015,12,38,,,1,,,,,6/15/2015,11,36,,,1,,,,,6/17/2015,11,39,,,1,,,,,6/19/2015,11,38,,,,1,,,,6/21/2015,12,37,,,,1,,,,6/23/2015,9,40,,,,1,,,,6/26/2015,10,36,,,,1,,,
CH(5),5,5/24/2015,28,31,2,,,,,,,5/26/2015,,34,,,,,,,,5/29/2015,36,39,1,,,,,,,6/1/2015,39,36,1,,1,,,,,6/3/2015,42,40,1,,1,,,,,6/5/2015,45,42,1,,1,,,,,6/7/2015,48,42,1,,1,,,,,6/9/2015,53,49,1,,1,,,,,6/11/2015,55,47,,,2,,,,,6/13/2015,55,44,,,2,,,,,6/15/2015,59,46,,,2,,,,,6/17/2015,62,47,,,,2,,,,6/19/2015,60,45,,,,1,1,,,6/21/2015,61,45,,,,1,,,,6/23/2015,60,47,,,,,2,,,6/26/2015,62,40,,,,,2,,
CH(5),6,5/24/2015,33,27,4,,,,,,,5/26/2015,36,31,4,,,,,,,5/29/2015,38,34,4,,,,,,,6/1/2015,42,37,2,,2,,,,,6/3/2015,42,32,1,,3,,,,,6/5/2015,46,39,1,,3,,,,,6/7/2015,45,41,,,4,,,,,6/9/2015,47,46,,,4,,,,,6/11/2015,53,43,,,4,,,,,6/13/2015,57,45,,,2,2,,,,6/15/2015,57,41,,,1,3,,,,6/17/2015,58,47,,,1,3,,,,6/19/2015,57,41,,,,4,,,,6/21/2015,59,39,,,,1,3,,,6/23/2015,55,37,,,,,4,,,6/26/2015,57,37,,,,,4,,
CH(5),7,5/24/2015,34,31,12,,,,,,,5/26/2015,37,36,10,,,,,,,5/29/2015,43,41,12,1,,,,,,6/1/2015,49,46,5,1,6,,,,,6/3/2015,46,44,1,1,10,,,,,6/5/2015,54,53,1,1,10,,,,,6/7/2015,58,49,1,1,10,,,,,6/9/2015,62,53,,1,10,1,,,,6/11/2015,66,53,,1,11,,,,,6/13/2015,69,52,,1,5,6,,,,6/15/2015,71,56,,1,,11,,,,6/17/2015,74,52,,1,,11,,,,6/19/2015,78,53,,1,,3,8,,,6/21/2015,79,54,,1,,2,9,,,6/23/2015,79,50,,1,,2,9,,,6/26/2015,79,55,,1,,,11,,
CH(5),8,5/24/2015,,16,,,,,,,,5/26/2015,,16,,,,,,,,5/29/2015,,17,,,,,,,,6/1/2015,,19,,,,,,,,6/3/2015,,17,,,,,,,,6/5/2015,,17,,,,,,,,6/7/2015,,17,,,,,,,,6/9/2015,,17,,,,,,,,6/11/2015,,17,,,,,,,,6/13/2015,,17,,,,,,,,6/15/2015,,18,,,,,,,,6/17/2015,,17,,,,,,,,6/19/2015,,17,,,,,,,,6/21/2015,,17,,,,,,,,6/23/2015,,16,,,,,,,,6/26/2015,,16,,,,,,,
CH(5),9,5/24/2015,,9,,,,,,,,5/26/2015,,10,,,,,,,,5/29/2015,,10,,,,,,,,6/1/2015,,12,,,,,,,,6/3/2015,,10,,,,,,,,6/5/2015,,10,,,,,,,,6/7/2015,,13,,,,,,,,6/9/2015,,11,,,,,,,,6/11/2015,,10,,,,,,,,6/13/2015,,10,,,,,,,,6/15/2015,,10,,,,,,,,6/17/2015,,11,,,,,,,,6/19/2015,,11,,,,,,,,6/21/2015,,12,,,,,,,,6/23/2015,,12,,,,,,,,6/26/2015,,13,,,,,,,
CH(5),10,5/24/2015,,15,,,,,,,,5/26/2015,,14,,,,,,,,5/29/2015,,19,,,,,,,,6/1/2015,,20,,,,,,,,6/3/2015,,21,,,,,,,,6/5/2015,,21,,,,,,,,6/7/2015,,23,,,,,,,,6/9/2015,,24,,,,,,,,6/11/2015,,24,,,,,,,,6/13/2015,,23,,,,,,,,6/15/2015,,22,,,,,,,,6/17/2015,,22,,,,,,,,6/19/2015,,23,,,,,,,,6/21/2015,,23,,,,,,,,6/23/2015,,24,,,,,,,,6/26/2015,,23,,,,,,,
CH(5),11,5/24/2015,,22,,,,,,,,5/26/2015,,23,,,,,,,,5/29/2015,,25,,,,,,,,6/1/2015,,27,,,,,,,,6/3/2015,,30,,,,,,,,6/5/2015,,31,,,,,,,,6/7/2015,,30,,,,,,,,6/9/2015,,31,,,,,,,,6/11/2015,,31,,,,,,,,6/13/2015,,31,,,,,,,,6/15/2015,,29,,,,,,,,6/17/2015,,30,,,,,,,,6/19/2015,,30,,,,,,,,6/21/2015,,28,,,,,,,,6/23/2015,,25,,,,,,,,6/26/2015,,17,,,,,,,
CHSR(8),1,5/24/2015,,26,,,,,,,,5/26/2015,,30,,,,,,,,5/29/2015,,31,,,,,,,,6/1/2015,,36,,,,,,,,6/3/2015,,37,,,,,,,,6/5/2015,,42,,,,,,,,6/7/2015,,40,,,,,,,,6/9/2015,,41,,,,,,,,6/11/2015,,41,,,,,,,,6/13/2015,,39,,,,,,,,6/15/2015,,39,,,,,,,,6/17/2015,,43,,,,,,,,6/19/2015,,42,,,,,,,,6/21/2015,,41,,,,,,,,6/23/2015,,40,,,,,,,,6/26/2015,,39,,,,,,,
CHSR(8),2,5/24/2015,32,29,6,,,,,,,5/26/2015,38,30,8,,,,,,,5/29/2015,38,33,8,,,,,,,6/1/2015,42,43,6,,2,,,,,6/3/2015,47,47,3,,5,,,,,6/5/2015,49,50,4,,5,,,,,6/7/2015,52,47,2,,7,,,,,6/9/2015,52,53,2,,7,,,,,6/11/2015,57,49,1,,7,1,,,,6/13/2015,58,52,,,2,2,,,,6/15/2015,62,51,,,4,4,,,,6/17/2015,63,50,,,,6,2,,,6/19/2015,64,50,,,,3,5,,,6/21/2015,65,53,,,,4,4,,,6/23/2015,66,53,,,,2,6,,,6/26/2015,65,51,,,,,7,1,
CHSR(8),3,5/24/2015,,29,,,,,,,,5/26/2015,,32,,,,,,,,5/29/2015,,35,,,,,,,,6/1/2015,,35,,,,,,,,6/3/2015,,39,,,,,,,,6/5/2015,,37,,,,,,,,6/7/2015,,38,,,,,,,,6/9/2015,,38,,,,,,,,6/11/2015,,39,,,,,,,,6/13/2015,,39,,,,,,,,6/15/2015,,39,,,,,,,,6/17/2015,,40,,,,,,,,6/19/2015,,39,,,,,,,,6/21/2015,,39,,,,,,,,6/23/2015,,36,,,,,,,,6/26/2015,,35,,,,,,,
CHSR(8),4,5/24/2015,31,27,22,,,,,,,5/26/2015,34,34,24,,,,,,,5/29/2015,40,32,29,,,,,,,6/1/2015,51,37,26,,3,,,,,6/3/2015,52,41,21,,8,,,,,6/5/2015,58,42,18,,10,,,,,6/7/2015,56,51,17,,13,,,,,6/9/2015,61,46,12,1,20,,,,,6/11/2015,64,43,14,,21,,,,,6/13/2015,68,44,11,1,17,4,1,,,6/15/2015,71,44,7,2,15,8,,,,6/17/2015,72,45,8,2,5,14,5,,,6/19/2015,74,43,6,2,5,14,5,,,6/21/2015,74,44,6,2,4,14,6,,,6/23/2015,75,43,5,,1,11,11,,,6/26/2015,75,46,4,4,,2,21,,
CHSR(8),5,5/24/2015,,30,,,,,,,,5/26/2015,,31,,,,,,,,5/29/2015,,31,,,,,,,,6/1/2015,,33,,,,,,,,6/3/2015,,32,,,,,,,,6/5/2015,,37,,,,,,,,6/7/2015,,39,,,,,,,,6/9/2015,,39,,,,,,,,6/11/2015,,38,,,,,,,,6/13/2015,,38,,,,,,,,6/15/2015,,40,,,,,,,,6/17/2015,,36,,,,,,,,6/19/2015,,40,,,,,,,,6/21/2015,,39,,,,,,,,6/23/2015,,30,,,,,,,,6/26/2015,,37,,,,,,,
CHSR(8),6,5/24/2015,28,30,8,,,,,,,5/26/2015,33,31,8,,,,,,,5/29/2015,37,34,7,,,,,,,6/1/2015,45,32,8,,2,,,,,6/3/2015,50,42,5,,3,,,,,6/5/2015,50,45,6,,4,,,,,6/7/2015,56,50,5,,5,,,,,6/9/2015,58,49,3,,7,,,,,6/11/2015,63,53,3,,5,2,,,,6/13/2015,65,55,2,,4,2,2,,,6/15/2015,70,54,2,,4,4,,,,6/17/2015,68,55,,,1,5,1,,,6/19/2015,72,54,2,,1,5,2,,,6/21/2015,70,54,,1,,5,3,,,6/23/2015,72,53,,,,1,6,,,6/26/2015,69,53,,1,,,6,,
CHSR(8),7,5/24/2015,,,,,,,,,no 7,5/26/2015,,,,,,,,,,5/29/2015,,,,,,,,,,6/1/2015,,,,,,,,,,6/3/2015,,,,,,,,,,6/5/2015,,,,,,,,,,6/7/2015,,,,,,,,,,6/9/2015,,,,,,,,,,6/11/2015,,,,,,,,,,6/13/2015,,,,,,,,,,6/15/2015,,,,,,,,,,6/17/2015,,,,,,,,,,6/19/2015,,,,,,,,,,6/21/2015,,,,,,,,,,6/23/2015,,,,,,,,,,6/26/2015,,,,,,,,,
CHSR(8),8,5/24/2015,,17,,,,,,,,5/26/2015,,18,,,,,,,,5/29/2015,,19,,,,,,,,6/1/2015,,19,,,,,,,,6/3/2015,,21,,,,,,,,6/5/2015,,20,,,,,,,,6/7/2015,,20,,,,,,,,6/9/2015,,21,,,,,,,,6/11/2015,,20,,,,,,,,6/13/2015,,21,,,,,,,,6/15/2015,,21,,,,,,,,6/17/2015,,21,,,,,,,,6/19/2015,,20,,,,,,,,6/21/2015,,20,,,,,,,,6/23/2015,99,21,,,,,,,,6/26/2015,,20,,,,,,,
CSR(7),1,5/24/2015,,30,,,,,,,,5/26/2015,14,36,,1,,,,,,5/29/2015,14,33,1,,,,,,,6/1/2015,15,35,1,,,,,,,6/3/2015,15,40,,1,,,,,,6/5/2015,15,45,,1,,,,,,6/7/2015,15,43,,1,,,,,,6/9/2015,14,50,,1,,,,,,6/11/2015,12,50,,,,,,,,6/13/2015,10,50,,1,,,,,,6/15/2015,10,49,,1,,,,,,6/17/2015,9,48,,1,,,,,,6/19/2015,8,50,,1,,,,,,6/21/2015,8,47,,1,,,,,,6/23/2015,3,49,,1,,,,,,6/26/2015,2,47,,1,,,,,
CSR(7),2,5/24/2015,,25,,,,,,,,5/26/2015,,26,,,,,,,,5/29/2015,,24,,,,,,,,6/1/2015,,34,,,,,,,,6/3/2015,,36,,,,,,,,6/5/2015,,35,,,,,,,,6/7/2015,,37,,,,,,,,6/9/2015,,36,,,,,,,,6/11/2015,,36,,,,,,,,6/13/2015,,35,,,,,,,,6/15/2015,,35,,,,,,,,6/17/2015,,38,,,,,,,,6/19/2015,,38,,,,,,,,6/21/2015,,37,,,,,,,,6/23/2015,,35,,,,,,,,6/26/2015,,36,,,,,,,
CSR(7),3,5/24/2015,,26,,,,,,,,5/26/2015,,24,,,,,,,,5/29/2015,,22,,,,,,,,6/1/2015,,31,,,,,,,,6/3/2015,,33,,,,,,,,6/5/2015,,34,,,,,,,,6/7/2015,,35,,,,,,,,6/9/2015,12,36,,1,,,,,,6/11/2015,,37,,,,,,,,6/13/2015,11,35,,1,,,,,,6/15/2015,10,35,,1,,,,,,6/17/2015,,36,,,,,,,,6/19/2015,,37,,,,,,,,6/21/2015,7,37,,1,,,,,,6/23/2015,,37,,,,,,,,6/26/2015,,37,,,,,,,
CSR(7),4,5/24/2015,,21,,,,,,,,5/26/2015,,25,,,,,,,,5/29/2015,,20,,,,,,,,6/1/2015,,24,,,,,,,,6/3/2015,,32,,,,,,,,6/5/2015,,33,,,,,,,,6/7/2015,,33,,,,,,,,6/9/2015,,33,,,,,,,,6/11/2015,,34,,,,,,,,6/13/2015,,34,,,,,,,,6/15/2015,,33,,,,,,,,6/17/2015,,33,,,,,,,,6/19/2015,,33,,,,,,,,6/21/2015,,34,,,,,,,,6/23/2015,,34,,,,,,,,6/26/2015,,33,,,,,,,
CSR(7),5,5/24/2015,,25,,,,,,,,5/26/2015,,29,,,,,,,,5/29/2015,8,32,,1,,,,,,6/1/2015,,38,,,,,,,,6/3/2015,,43,,,,,,,,6/5/2015,,42,,,,,,,,6/7/2015,,44,,,,,,,,6/9/2015,,44,,,,,,,,6/11/2015,,47,,,,,,,,6/13/2015,,47,,,,,,,,6/15/2015,,47,,,,,,,,6/17/2015,,46,,,,,,,,6/19/2015,,47,,,,,,,,6/21/2015,,46,,,,,,,,6/23/2015,,46,,,,,,,,6/26/2015,,45,,,,,,,
CSR(7),6,5/24/2015,,32,,,,,,,,5/26/2015,,33,,,,,,,,5/29/2015,,34,,,,,,,,6/1/2015,,42,,,,,,,,6/3/2015,,43,,,,,,,,6/5/2015,,45,,,,,,,,6/7/2015,,46,,,,,,,,6/9/2015,,48,,,,,,,,6/11/2015,,47,,,,,,,,6/13/2015,,47,,,,,,,,6/15/2015,,46,,,,,,,,6/17/2015,,47,,,,,,,,6/19/2015,,46,,,,,,,,6/21/2015,,46,,,,,,,,6/23/2015,,48,,,,,,,,6/26/2015,,45,,,,,,,
CSR(7),7,5/24/2015,,,,,,,,,,5/26/2015,,,,,,,,,,5/29/2015,,,,,,,,,,6/1/2015,,,,,,,,,,6/3/2015,,,,,,,,,,6/5/2015,,,,,,,,,,6/7/2015,,,,,,,,,,6/9/2015,,,,,,,,,,6/11/2015,,,,,,,,,,6/13/2015,,,,,,,,,,6/15/2015,,,,,,,,,,6/17/2015,,,,,,,,,,6/19/2015,,,,,,,,,,6/21/2015,,,,,,,,,,6/23/2015,,,,,,,,,,6/26/2015,,,,,,,,,
CSR(7),8,5/24/2015,,26,,,,,,,,5/26/2015,,27,,,,,,,,5/29/2015,,32,,,,,,,,6/1/2015,,37,,,,,,,,6/3/2015,,39,,,,,,,,6/5/2015,,41,,,,,,,,6/7/2015,,42,,,,,,,,6/9/2015,,43,,,,,,,,6/11/2015,,43,,,,,,,,6/13/2015,,42,,,,,,,,6/15/2015,,42,,,,,,,,6/17/2015,,43,,,,,,,,6/19/2015,,44,,,,,,,,6/21/2015,,43,,,,,,,,6/23/2015,,44,,,,,,,,6/26/2015,,41,,,,,,,
CSR(7),9,5/24/2015,28,29,,,,,,,,5/26/2015,28,31,2,,,,,,,5/29/2015,35,36,2,,,,,,,6/1/2015,42,40,,,1,,,,,6/3/2015,41,43,1,,1,,,,,6/5/2015,48,44,,,2,,,,,6/7/2015,50,51,,,2,,,,,6/9/2015,51,52,,,2,,,,,6/11/2015,54,54,,,2,,,,,6/13/2015,59,53,,,1,1,,,,6/15/2015,62,53,,,,2,,,,6/17/2015,62,53,,,,2,,,,6/19/2015,51,54,,,,,2,,tallest flower (senesced) drooping; doubled-over on a weak stalk,6/21/2015,46,53,,,,,,,,6/23/2015,47,53,,,,,2,,,6/26/2015,46,51,,,,,,,
WSR(10),5,5/24/2015,,23,,,,,,,,5/26/2015,,20,,,,,,,,5/29/2015,,22,,,,,,,,6/1/2015,,,,,,,,,No measurements recorded for this date,6/3/2015,,26,,,,,,,,6/5/2015,,26,,,,,,,,6/7/2015,,28,,,,,,,,6/9/2015,,29,,,,,,,,6/11/2015,,27,,,,,,,,6/13/2015,,28,,,,,,,,6/15/2015,,26,,,,,,,,6/17/2015,,29,,,,,,,,6/19/2015,,30,,,,,,,,6/21/2015,,30,,,,,,,,6/23/2015,,28,,,,,,,,6/26/2015,,28,,,,,,,
WSR(10),6,5/24/2015,,24,,,,,,,,5/26/2015,,28,,,,,,,,5/29/2015,,28,,,,,,,,6/1/2015,,36,,,,,,,,6/3/2015,,43,,,,,,,,6/5/2015,,43,,,,,,,,6/7/2015,,40,,,,,,,,6/9/2015,,48,,,,,,,,6/11/2015,,44,,,,,,,,6/13/2015,,46,,,,,,,,6/15/2015,,45,,,,,,,,6/17/2015,,43,,,,,,,,6/19/2015,,43,,,,,,,,6/21/2015,,43,,,,,,,,6/23/2015,,43,,,,,,,,6/26/2015,,44,,,,,,,
WSR(10),7,5/24/2015,26,29,7,,,,,,,5/26/2015,28,31,2,3,,,,,,5/29/2015,29,33,5,,,,,,,6/1/2015,34,37,1,3,1,,,,,6/3/2015,38,38,,5,1,,,,,6/5/2015,43,41,,3,1,,,,,6/7/2015,44,41,,4,1,,,,,6/9/2015,48,43,,4,1,,,,,6/11/2015,50,44,,3,,1,,,,6/13/2015,51,44,,,,1,,,,6/15/2015,53,42,,2,,1,,,,6/17/2015,55,41,,3,,,1,,,6/19/2015,56,42,,3,,,1,,,6/21/2015,55,43,,3,,,1,,,6/23/2015,55,40,,3,,,1,,,6/26/2015,55,40,,3,,,1,,
WSR(10),8,5/24/2015,,16,,,,,,,,5/26/2015,,14,,,,,,,,5/29/2015,,20,,,,,,,,6/1/2015,,22,,,,,,,,6/3/2015,,22,,,,,,,,6/5/2015,,22,,,,,,,,6/7/2015,,24,,,,,,,,6/9/2015,,22,,,,,,,,6/11/2015,,22,,,,,,,,6/13/2015,,22,,,,,,,,6/15/2015,,21,,,,,,,,6/17/2015,,22,,,,,,,,6/19/2015,,22,,,,,,,,6/21/2015,,21,,,,,,,,6/23/2015,,16,,,,,,,,6/26/2015,,14,,,,,,,
WSR(10),9,5/24/2015,33,27,3,,,,,,,5/26/2015,36,30,2,,1,,,,,5/29/2015,40,33,2,,1,,,,,6/1/2015,43,37,,1,2,,,,,6/3/2015,46,37,,1,2,,,,,6/5/2015,49,37,,1,2,,,,,6/7/2015,50,39,,,2,,,,,6/9/2015,58,39,,1,2,,,,,6/11/2015,55,39,,,1,1,,,,6/13/2015,61,40,,,,2,,,,6/15/2015,61,39,,1,,2,,,,6/17/2015,60,40,,1,,,2,,,6/19/2015,57,40,,1,,,2,,,6/21/2015,61,40,,1,,,2,,,6/23/2015,57,40,,,,,2,,,6/26/2015,57,40,,,,,2,,
WSR(10),10,5/24/2015,,16,,,,,,,,5/26/2015,,16,,,,,,,,5/29/2015,,17,,,,,,,,6/1/2015,,22,,,,,,,,6/3/2015,,24,,,,,,,,6/5/2015,,24,,,,,,,,6/7/2015,,25,,,,,,,,6/9/2015,,24,,,,,,,,6/11/2015,,24,,,,,,,,6/13/2015,,23,,,,,,,,6/15/2015,,22,,,,,,,,6/17/2015,,24,,,,,,,,6/19/2015,,23,,,,,,,,6/21/2015,,23,,,,,,,,6/23/2015,,22,,,,,,,,6/26/2015,,24,,,,,,,
WSR(10),11,5/24/2015,,12,,,,,,,,5/26/2015,,10,,,,,,,,5/29/2015,,12,,,,,,,,6/1/2015,,11,,,,,,,,6/3/2015,,12,,,,,,,,6/5/2015,,13,,,,,,,,6/7/2015,,13,,,,,,,,6/9/2015,,14,,,,,,,,6/11/2015,,13,,,,,,,,6/13/2015,,14,,,,,,,,6/15/2015,,13,,,,,,,,6/17/2015,,12,,,,,,,,6/19/2015,,12,,,,,,,,6/21/2015,,11,,,,,,,,6/23/2015,,11,,,,,,,,6/26/2015,,11,,,,,,,
WHSR(9),1,5/24/2015,29,27,2,1,,,,,,5/26/2015,33,32,2,,,,,,,5/29/2015,37,30,2,,,,,,,6/1/2015,45,38,1,,1,,,,,6/3/2015,47,37,1,1,1,,,,,6/5/2015,51,39,,1,2,,,,,6/7/2015,45,39,,1,2,,,,Aborted bud on the black edging,6/9/2015,58,39,,,2,,,,,6/11/2015,60,40,,,2,,,,,6/13/2015,58,40,,,1,1,,,,6/15/2015,64,39,,,1,,1,,,6/17/2015,63,40,,,,1,1,,,6/19/2015,64,41,,,,1,1,,,6/21/2015,64,40,,,,,2,,,6/23/2015,64,39,,,,,2,,,6/26/2015,64,39,,,,,2,,
WHSR(9),2,5/24/2015,30,26,3,,,,,,,5/26/2015,36,32,2,,,,,,,5/29/2015,40,35,2,,,,,,,6/1/2015,47,38,1,,1,,,,,6/3/2015,48,40,,,2,,,,,6/5/2015,53,41,,,2,,,,,6/7/2015,52,41,,,2,,,,,6/9/2015,64,48,,,2,,,,,6/11/2015,61,45,,,2,,,,,6/13/2015,67,47,,,2,,,,,6/15/2015,67,46,,,,2,,,,6/17/2015,70,45,,,,2,,,,6/19/2015,68,46,,,,1,1,,,6/21/2015,71,43,,,,1,1,,,6/23/2015,69,45,,,,,2,,,6/26/2015,51,42,,,,,2,,
WHSR(9),3,5/24/2015,23,26,14,,,,,,,5/26/2015,30,29,17,,,,,,,5/29/2015,34,34,14,,,,,,,6/1/2015,41,39,18,,,,,,,6/3/2015,44,44,14,1,3,,,,,6/5/2015,53,45,10,,7,,,,,6/7/2015,54,45,9,,8,,,,,6/9/2015,59,46,8,1,12,,,,,6/11/2015,62,47,2,,15,,,,,6/13/2015,67,45,2,,14,2,,,,6/15/2015,70,46,3,1,15,,,,,6/17/2015,73,47,2,1,3,13,,,,6/19/2015,76,47,,1,,18,,,,6/21/2015,78,47,,2,,17,,,,6/23/2015,78,48,,2,,4,11,,,6/26/2015,76,47,,2,,,17,,
CSR(7),10,5/24/2015,,,,,,,,,,5/26/2015,,,,,,,,,,5/29/2015,,,,,,,,,,6/1/2015,,,,,,,,,,6/3/2015,,,,,,,,,,6/5/2015,,,,,,,,,,6/7/2015,,,,,,,,,,6/9/2015,,,,,,,,,,6/11/2015,,,,,,,,,,6/13/2015,,,,,,,,,,6/15/2015,,,,,,,,,,6/17/2015,,,,,,,,,,6/19/2015,,,,,,,,,,6/21/2015,,,,,,,,,,6/23/2015,,,,,,,,,,6/26/2015,,,,,,,,,
WSR(10),1,5/24/2015,33,32,5,,,,,,,5/26/2015,34,33,4,1,,,,,,5/29/2015,38,37,3,1,,,,,,6/1/2015,42,41,,2,2,,,,,6/3/2015,44,42,,2,2,,,,,6/5/2015,47,46,,2,2,,,,,6/7/2015,50,46,,2,2,,,,,6/9/2015,54,50,,2,,2,,,,6/11/2015,56,49,,,,2,,,,6/13/2015,60,51,,,,1,1,,,6/15/2015,61,49,,2,,1,1,,,6/17/2015,60,50,,1,,,2,,,6/19/2015,63,50,,1,,,2,,,6/21/2015,64,50,,1,,,2,,,6/23/2015,63,51,,1,,,2,,,6/26/2015,60,51,,1,,,2,,
WSR(10),2,5/24/2015,,22,,,,,,,,5/26/2015,,24,,,,,,,,5/29/2015,,28,,,,,,,,6/1/2015,,28,,,,,,,,6/3/2015,,28,,,,,,,,6/5/2015,,29,,,,,,,,6/7/2015,,29,,,,,,,,6/9/2015,,30,,,,,,,,6/11/2015,,30,,,,,,,,6/13/2015,,29,,,,,,,,6/15/2015,,29,,,,,,,,6/17/2015,,28,,,,,,,,6/19/2015,,28,,,,,,,,6/21/2015,,28,,,,,,,,6/23/2015,,28,,,,,,,,6/26/2015,,27,,,,,,,
WSR(10),3,5/24/2015,,28,,,,,,,,5/26/2015,,24,,,,,,,,5/29/2015,,29,,,,,,,,6/1/2015,,31,,,,,,,,6/3/2015,,33,,,,,,,,6/5/2015,,35,,,,,,,,6/7/2015,,35,,,,,,,,6/9/2015,,36,,,,,,,,6/11/2015,,36,,,,,,,,6/13/2015,,37,,,,,,,,6/15/2015,,37,,,,,,,,6/17/2015,,37,,,,,,,,6/19/2015,,36,,,,,,,,6/21/2015,,37,,,,,,,,6/23/2015,,33,,,,,,,,6/26/2015,,33,,,,,,,
WSR(10),4,5/24/2015,,,,,,,,,,5/26/2015,,,,,,,,,,5/29/2015,,,,,,,,,,6/1/2015,,,,,,,,,,6/3/2015,,,,,,,,,,6/5/2015,,,,,,,,,,6/7/2015,,,,,,,,,,6/9/2015,,,,,,,,,,6/11/2015,,,,,,,,,,6/13/2015,,,,,,,,,,6/15/2015,,,,,,,,,,6/17/2015,,,,,,,,,,6/19/2015,,,,,,,,,,6/21/2015,,,,,,,,,,6/23/2015,,,,,,,,,,6/26/2015,,,,,,,,,
WHSR(9),4,5/24/2015,17,23,1,,,,,,,5/26/2015,21,25,2,,,,,,,5/29/2015,26,29,2,,,,,,,6/1/2015,32,33,1,,,,,,,6/3/2015,37,35,1,,1,,,,,6/5/2015,42,37,1,,1,,,,,6/7/2015,45,36,1,,1,,,,,6/9/2015,48,36,1,,1,,,,,6/11/2015,49,39,,,2,,,,,6/13/2015,51,35,,,2,,,,,6/15/2015,51,35,,,2,,,,,6/17/2015,50,36,,,1,1,,,,6/19/2015,48,35,,,,2,,,,6/21/2015,46,36,,,,2,,,,6/23/2015,47,36,,,,,2,,,6/26/2015,48,37,,,,,2,,
WHSR(9),5,5/24/2015,,10,,,,,,,,5/26/2015,,10,,,,,,,,5/29/2015,,14,,,,,,,,6/1/2015,,14,,,,,,,,6/3/2015,,14,,,,,,,,6/5/2015,,15,,,,,,,,6/7/2015,,15,,,,,,,,6/9/2015,,15,,,,,,,,6/11/2015,,13,,,,,,,,6/13/2015,,16,,,,,,,,6/15/2015,,14,,,,,,,,6/17/2015,,14,,,,,,,,6/19/2015,,14,,,,,,,,6/21/2015,,16,,,,,,,,6/23/2015,,13,,,,,,,,6/26/2015,,14,,,,,,,
WHSR(9),6,5/24/2015,,,,,,,,,,5/26/2015,,,,,,,,,dead,5/29/2015,,,,,,,,,,6/1/2015,,,,,,,,,,6/3/2015,,,,,,,,,,6/5/2015,,,,,,,,,,6/7/2015,,,,,,,,,,6/9/2015,,,,,,,,,,6/11/2015,,,,,,,,,,6/13/2015,,,,,,,,,,6/15/2015,,,,,,,,,,6/17/2015,,,,,,,,,,6/19/2015,,,,,,,,,,6/21/2015,,,,,,,,,,6/23/2015,,,,,,,,,,6/26/2015,,,,,,,,,
WHSR(9),7,5/24/2015,,17,,,,,,,,5/26/2015,,20,,,,,,,,5/29/2015,,22,,,,,,,,6/1/2015,,22,,,,,,,,6/3/2015,,25,,,,,,,,6/5/2015,,24,,,,,,,,6/7/2015,,24,,,,,,,,6/9/2015,,24,,,,,,,,6/11/2015,,25,,,,,,,,6/13/2015,,24,,,,,,,,6/15/2015,,25,,,,,,,,6/17/2015,,24,,,,,,,,6/19/2015,,23,,,,,,,,6/21/2015,,25,,,,,,,,6/23/2015,,24,,,,,,,,6/26/2015,,25,,,,,,,
WHSR(9),8,5/24/2015,,7,,,,,,,,5/26/2015,,10,,,,,,,,5/29/2015,,8,,,,,,,,6/1/2015,,11,,,,,,,,6/3/2015,,12,,,,,,,,6/5/2015,,12,,,,,,,,6/7/2015,,11,,,,,,,,6/9/2015,,11,,,,,,,,6/11/2015,,11,,,,,,,,6/13/2015,,10,,,,,,,,6/15/2015,,11,,,,,,,,6/17/2015,,10,,,,,,,,6/19/2015,,12,,,,,,,,6/21/2015,,11,,,,,,,,6/23/2015,,10,,,,,,,,6/26/2015,,11,,,,,,,
WHSR(9),9,5/24/2015,,16,,,,,,,,5/26/2015,,17,,,,,,,,5/29/2015,,20,,,,,,,,6/1/2015,,21,,,,,,,,6/3/2015,,21,,,,,,,,6/5/2015,,22,,,,,,,,6/7/2015,,21,,,,,,,,6/9/2015,,22,,,,,,,,6/11/2015,,21,,,,,,,,6/13/2015,,23,,,,,,,,6/15/2015,,22,,,,,,,,6/17/2015,,21,,,,,,,,6/19/2015,,22,,,,,,,,6/21/2015,,22,,,,,,,,6/23/2015,,20,,,,,,,,6/26/2015,,22,,,,,,,
WHSR(9),10,5/24/2015,,11,,,,,,,,5/26/2015,,13,,,,,,,,5/29/2015,,14,,,,,,,,6/1/2015,,14,,,,,,,,6/3/2015,,14,,,,,,,,6/5/2015,,15,,,,,,,,6/7/2015,,15,,,,,,,,6/9/2015,,15,,,,,,,,6/11/2015,,14,,,,,,,,6/13/2015,,15,,,,,,,,6/15/2015,,14,,,,,,,,6/17/2015,,14,,,,,,,,6/19/2015,,14,,,,,,,,6/21/2015,,16,,,,,,,,6/23/2015,,15,,,,,,,,6/26/2015,,15,,,,,,,
WH(12),1,5/24/2015,,21,,,,,,,,5/26/2015,,24,,,,,,,,5/29/2015,,26,,,,,,,,6/1/2015,,27,,,,,,,,6/3/2015,,29,,,,,,,,6/5/2015,,32,,,,,,,,6/7/2015,,31,,,,,,,,6/9/2015,,31,,,,,,,,6/11/2015,,33,,,,,,,,6/13/2015,,30,,,,,,,,6/15/2015,,30,,,,,,,,6/17/2015,,30,,,,,,,,6/19/2015,,31,,,,,,,,6/21/2015,,30,,,,,,,,6/23/2015,,32,,,,,,,,6/26/2015,,29,,,,,,,
WH(12),2,5/24/2015,,17,,,,,,,,5/26/2015,,18,,,,,,,,5/29/2015,,20,,,,,,,,6/1/2015,,23,,,,,,,,6/3/2015,,25,,,,,,,,6/5/2015,,24,,,,,,,,6/7/2015,,27,,,,,,,,6/9/2015,,27,,,,,,,,6/11/2015,,26,,,,,,,,6/13/2015,,25,,,,,,,,6/15/2015,,26,,,,,,,,6/17/2015,,27,,,,,,,,6/19/2015,,27,,,,,,,,6/21/2015,,25,,,,,,,,6/23/2015,,27,,,,,,,,6/26/2015,,27,,,,,,,
WH(12),3,5/24/2015,,19,,,,,,,,5/26/2015,,21,,,,,,,,5/29/2015,,26,,,,,,,,6/1/2015,,26,,,,,,,,6/3/2015,,24,,,,,,,,6/5/2015,,25,,,,,,,,6/7/2015,,28,,,,,,,,6/9/2015,,25,,,,,,,,6/11/2015,,28,,,,,,,,6/13/2015,,28,,,,,,,,6/15/2015,,28,,,,,,,,6/17/2015,,28,,,,,,,,6/19/2015,,27,,,,,,,,6/21/2015,,27,,,,,,,,6/23/2015,,28,,,,,,,,6/26/2015,,24,,,,,,,
WH(12),4,5/24/2015,,16,,,,,,,,5/26/2015,,24,,,,,,,,5/29/2015,,19,,,,,,,,6/1/2015,,23,,,,,,,,6/3/2015,,23,,,,,,,,6/5/2015,,24,,,,,,,,6/7/2015,,26,,,,,,,,6/9/2015,,28,,,,,,,,6/11/2015,,25,,,,,,,,6/13/2015,,27,,,,,,,,6/15/2015,,26,,,,,,,,6/17/2015,,27,,,,,,,,6/19/2015,,26,,,,,,,,6/21/2015,,25,,,,,,,,6/23/2015,,26,,,,,,,,6/26/2015,,26,,,,,,,
WH(12),5,5/24/2015,,14,,,,,,,,5/26/2015,,16,,,,,,,,5/29/2015,,16,,,,,,,,6/1/2015,,20,,,,,,,,6/3/2015,,23,,,,,,,,6/5/2015,,26,,,,,,,,6/7/2015,,26,,,,,,,,6/9/2015,,27,,,,,,,,6/11/2015,,28,,,,,,,,6/13/2015,,28,,,,,,,,6/15/2015,,27,,,,,,,,6/17/2015,,27,,,,,,,,6/19/2015,,28,,,,,,,,6/21/2015,,28,,,,,,,,6/23/2015,,28,,,,,,,,6/26/2015,,27,,,,,,,
WH(12),6,5/24/2015,,22,,,,,,,,5/26/2015,,25,,,,,,,,5/29/2015,,26,,,,,,,,6/1/2015,,26,,,,,,,,6/3/2015,,28,,,,,,,,6/5/2015,,28,,,,,,,,6/7/2015,,34,,,,,,,,6/9/2015,,35,,,,,,,,6/11/2015,,34,,,,,,,,6/13/2015,,33,,,,,,,,6/15/2015,,33,,,,,,,,6/17/2015,,32,,,,,,,,6/19/2015,,30,,,,,,,,6/21/2015,,31,,,,,,,,6/23/2015,,30,,,,,,,,6/26/2015,,29,,,,,,,
WH(12),7,5/24/2015,,17,,,,,,,,5/26/2015,,20,,,,,,,,5/29/2015,,17,,,,,,,,6/1/2015,,22,,,,,,,,6/3/2015,,23,,,,,,,,6/5/2015,,24,,,,,,,,6/7/2015,,26,,,,,,,,6/9/2015,,28,,,,,,,,6/11/2015,,28,,,,,,,,6/13/2015,,26,,,,,,,,6/15/2015,,27,,,,,,,,6/17/2015,,25,,,,,,,,6/19/2015,,25,,,,,,,,6/21/2015,,26,,,,,,,,6/23/2015,,25,,,,,,,,6/26/2015,,25,,,,,,,
WH(12),8,5/24/2015,,,,,,,,,not emerged yet,5/26/2015,,,,,,,,,not up yet,5/29/2015,,,,,,,,,not yet emerged,6/1/2015,,,,,,,,,not yet emerged,6/3/2015,,,,,,,,,not yet emerged,6/5/2015,,,,,,,,,not yet emerged,6/7/2015,,,,,,,,,not yet emerged,6/9/2015,,13,,,,,,,,6/11/2015,,16,,,,,,,,6/13/2015,,18,,,,,,,,6/15/2015,,20,,,,,,,,6/17/2015,,20,,,,,,,,6/19/2015,,21,,,,,,,,6/21/2015,,20,,,,,,,,6/23/2015,,19,,,,,,,,6/26/2015,,19,,,,,,,
WH(12),9,5/24/2015,,13,,,,,,,,5/26/2015,,13,,,,,,,,5/29/2015,,13,,,,,,,,6/1/2015,,15,,,,,,,,6/3/2015,,13,,,,,,,,6/5/2015,,14,,,,,,,,6/7/2015,,13,,,,,,,,6/9/2015,,13,,,,,,,,6/11/2015,,13,,,,,,,,6/13/2015,,13,,,,,,,,6/15/2015,,13,,,,,,,,6/17/2015,,12,,,,,,,,6/19/2015,,13,,,,,,,,6/21/2015,,13,,,,,,,,6/23/2015,,12,,,,,,,,6/26/2015,,12,,,,,,,
WH(12),10,5/24/2015,,13,,,,,,,,5/26/2015,,13,,,,,,,,5/29/2015,,12,,,,,,,,6/1/2015,,14,,,,,,,,6/3/2015,,16,,,,,,,,6/5/2015,,15,,,,,,,,6/7/2015,,14,,,,,,,,6/9/2015,,13,,,,,,,,6/11/2015,,13,,,,,,,,6/13/2015,,14,,,,,,,,6/15/2015,,15,,,,,,,,6/17/2015,,13,,,,,,,,6/19/2015,,14,,,,,,,,6/21/2015,,14,,,,,,,,6/23/2015,,14,,,,,,,,6/26/2015,,15,,,,,,,
WC(11),1,5/24/2015,10,23,1,,,,,,,5/26/2015,12,29,1,,,,,,,5/29/2015,15,32,1,,,,,,,6/1/2015,20,36,1,,,,,,,6/3/2015,23,38,2,,,,,,,6/5/2015,27,39,1,,,,,,,6/7/2015,27,41,2,,,,,,,6/9/2015,34,48,2,,,,,,,6/11/2015,36,44,1,,,,,,,6/13/2015,37,43,1,,,,,,,6/15/2015,38,43,,,1,,,,,6/17/2015,41,43,,,1,,,,,6/19/2015,42,43,,,,1,,,,6/21/2015,42,44,,,,1,,,,6/23/2015,42,42,,,,,1,,,6/26/2015,44,43,,,,,1,,
WC(11),2,5/24/2015,3,17,1,,,,,,,5/26/2015,3,20,1,,,,,,,5/29/2015,4,23,1,,,,,,,6/1/2015,4,25,1,,,,,,,6/3/2015,4,27,,1,,,,,,6/5/2015,,27,,,,,,,,6/7/2015,4,30,,1,,,,,,6/9/2015,4,28,,1,,,,,,6/11/2015,4,30,,1,,,,,,6/13/2015,,30,,,,,,,,6/15/2015,3,31,,1,,,,,,6/17/2015,33,30,,1,,,,,,6/19/2015,3,29,,1,,,,,,6/21/2015,2,30,,1,,,,,,6/23/2015,3,28,,1,,,,,,6/26/2015,2,29,,1,,,,,
WC(11),3,5/24/2015,19,21,6,,,,,,,5/26/2015,27,26,7,,,,,,,5/29/2015,30,31,6,,,,,,,6/1/2015,36,35,3,4,,,,,,6/3/2015,38,33,2,3,1,,,,,6/5/2015,44,36,1,4,2,,,,,6/7/2015,47,37,,3,3,,,,,6/9/2015,51,44,,3,3,,,,,6/11/2015,53,39,,4,3,,,,,6/13/2015,52,40,,4,3,,,,,6/15/2015,55,40,,4,1,2,,,,6/17/2015,57,40,,4,,2,1,,,6/19/2015,55,39,,4,,2,1,,,6/21/2015,58,40,,4,,1,2,,,6/23/2015,55,37,,4,,,3,,,6/26/2015,54,37,,4,,,3,,
WC(11),4,5/24/2015,18,20,1,,,,,,,5/26/2015,20,24,1,,,,,,,5/29/2015,23,23,1,,,,,,,6/1/2015,32,31,1,,,,,,,6/3/2015,34,33,,,1,,,,,6/5/2015,41,35,,,1,,,,,6/7/2015,44,36,,,1,,,,,6/9/2015,48,37,,,1,,,,,6/11/2015,50,38,,,1,,,,,6/13/2015,52,38,,,,1,,,,6/15/2015,57,37,,,,1,,,,6/17/2015,59,38,,,,,1,,,6/19/2015,60,38,,,,,1,,,6/21/2015,62,38,,,,,1,,,6/23/2015,59,34,,,,,1,,,6/26/2015,60,39,,,,,1,,
WC(11),5,5/24/2015,,18,,,,,,,,5/26/2015,,12,,,,,,,,5/29/2015,,22,,,,,,,,6/1/2015,,25,,,,,,,,6/3/2015,,25,,,,,,,,6/5/2015,,31,,,,,,,,6/7/2015,,34,,,,,,,,6/9/2015,,35,,,,,,,,6/11/2015,,36,,,,,,,,6/13/2015,,35,,,,,,,,6/15/2015,,35,,,,,,,,6/17/2015,,36,,,,,,,,6/19/2015,,37,,,,,,,,6/21/2015,,37,,,,,,,,6/23/2015,,36,,,,,,,,6/26/2015,,36,,,,,,,
WC(11),6,5/24/2015,,20,,,,,,,,5/26/2015,,24,,,,,,,,5/29/2015,,25,,,,,,,,6/1/2015,,33,,,,,,,,6/3/2015,,35,,,,,,,,6/5/2015,,39,,,,,,,,6/7/2015,,40,,,,,,,,6/9/2015,,40,,,,,,,,6/11/2015,,40,,,,,,,,6/13/2015,,40,,,,,,,,6/15/2015,,41,,,,,,,,6/17/2015,,41,,,,,,,,6/19/2015,,41,,,,,,,,6/21/2015,,41,,,,,,,,6/23/2015,,39,,,,,,,,6/26/2015,,41,,,,,,,
WC(11),7,5/24/2015,21,22,4,,,,,,,5/26/2015,20,26,4,,,,,,,5/29/2015,25,32,4,,,,,,,6/1/2015,30,34,3,1,,,,,,6/3/2015,34,40,,2,2,,,,,6/5/2015,36,43,,2,2,,,,,6/7/2015,40,45,,2,2,,,,,6/9/2015,38,46,,2,2,,,,,6/11/2015,41,46,,1,2,,,,,6/13/2015,43,44,,2,2,,,,,6/15/2015,45,46,,2,,2,,,,6/17/2015,46,44,,2,,2,,,,6/19/2015,46,45,,2,,,2,,,6/21/2015,46,44,,1,,,2,,,6/23/2015,49,50,,2,,,2,,,6/26/2015,48,44,,2,,,2,,
WC(11),8,5/24/2015,,16,,,,,,,,5/26/2015,,19,,,,,,,,5/29/2015,,23,,,,,,,,6/1/2015,,23,,,,,,,,6/3/2015,,27,,,,,,,,6/5/2015,,29,,,,,,,,6/7/2015,,30,,,,,,,,6/9/2015,,32,,,,,,,,6/11/2015,,31,,,,,,,,6/13/2015,,33,,,,,,,,6/15/2015,,30,,,,,,,,6/17/2015,,29,,,,,,,,6/19/2015,,31,,,,,,,,6/21/2015,,30,,,,,,,,6/23/2015,,33,,,,,,,,6/26/2015,,29,,,,,,,
WC(11),9,5/24/2015,,20,,,,,,,,5/26/2015,,22,,,,,,,,5/29/2015,,28,,,,,,,,6/1/2015,,29,,,,,,,,6/3/2015,,34,,,,,,,,6/5/2015,,35,,,,,,,,6/7/2015,,36,,,,,,,,6/9/2015,,38,,,,,,,,6/11/2015,,38,,,,,,,,6/13/2015,,38,,,,,,,,6/15/2015,,38,,,,,,,,6/17/2015,,37,,,,,,,,6/19/2015,,39,,,,,,,,6/21/2015,,39,,,,,,,,6/23/2015,,38,,,,,,,,6/26/2015,,38,,,,,,,
WC(11),10,5/24/2015,,19,,,,,,,,5/26/2015,,24,,,,,,,,5/29/2015,,26,,,,,,,,6/1/2015,,30,,,,,,,,6/3/2015,,32,,,,,,,,6/5/2015,,32,,,,,,,,6/7/2015,,36,,,,,,,,6/9/2015,,39,,,,,,,,6/11/2015,,39,,,,,,,,6/13/2015,,36,,,,,,,,6/15/2015,,39,,,,,,,,6/17/2015,,40,,,,,,,,6/19/2015,,40,,,,,,,,6/21/2015,,39,,,,,,,,6/23/2015,,40,,,,,,,,6/26/2015,,38,,,,,,,
WC(11),11,5/24/2015,,16,,,,,,,,5/26/2015,,18,,,,,,,,5/29/2015,,22,,,,,,,,6/1/2015,,23,,,,,,,,6/3/2015,,30,,,,,,,,6/5/2015,,33,,,,,,,,6/7/2015,,33,,,,,,,,6/9/2015,,35,,,,,,,,6/11/2015,,37,,,,,,,,6/13/2015,,37,,,,,,,,6/15/2015,,37,,,,,,,,6/17/2015,,37,,,,,,,,6/19/2015,,37,,,,,,,,6/21/2015,,37,,,,,,,,6/23/2015,,35,,,,,,,,6/26/2015,,32,,,,,,,
WC(11),12,5/24/2015,,14,,,,,,,,5/26/2015,,13,,,,,,,,5/29/2015,,15,,,,,,,,6/1/2015,,14,,,,,,,,6/3/2015,,15,,,,,,,,6/5/2015,,16,,,,,,,,6/7/2015,,15,,,,,,,,6/9/2015,,15,,,,,,,,6/11/2015,,15,,,,,,,,6/13/2015,,15,,,,,,,,6/15/2015,,14,,,,,,,,6/17/2015,,15,,,,,,,,6/19/2015,,15,,,,,,,,6/21/2015,,15,,,,,,,,6/23/2015,,16,,,,,,,,6/26/2015,,15,,,,,,,
WC(11),13,5/24/2015,,11,,,,,,,,5/26/2015,,11,,,,,,,,5/29/2015,,13,,,,,,,,6/1/2015,,14,,,,,,,,6/3/2015,,14,,,,,,,,6/5/2015,,15,,,,,,,,6/7/2015,,14,,,,,,,,6/9/2015,,15,,,,,,,,6/11/2015,,14,,,,,,,,6/13/2015,,15,,,,,,,,6/15/2015,,14,,,,,,,,6/17/2015,,15,,,,,,,,6/19/2015,,15,,,,,,,,6/21/2015,,15,,,,,,,,6/23/2015,,15,,,,,,,,6/26/2015,,14,,,,,,,
WC(11),14,5/24/2015,,16,,,,,,,,5/26/2015,,20,,,,,,,,5/29/2015,,19,,,,,,,,6/1/2015,,20,,,,,,,,6/3/2015,,20,,,,,,,,6/5/2015,,22,,,,,,,,6/7/2015,,21,,,,,,,,6/9/2015,,21,,,,,,,,6/11/2015,,21,,,,,,,,6/13/2015,,22,,,,,,,,6/15/2015,,22,,,,,,,,6/17/2015,,21,,,,,,,,6/19/2015,,22,,,,,,,,6/21/2015,,22,,,,,,,,6/23/2015,,23,,,,,,,,6/26/2015,,22,,,,,,,
WC(11),15,5/24/2015,,11,,,,,,,,5/26/2015,,12,,,,,,,,5/29/2015,,15,,,,,,,,6/1/2015,,14,,,,,,,,6/3/2015,,15,,,,,,,,6/5/2015,,15,,,,,,,,6/7/2015,,17,,,,,,,,6/9/2015,,14,,,,,,,,6/11/2015,,16,,,,,,,,6/13/2015,,14,,,,,,,,6/15/2015,,15,,,,,,,,6/17/2015,,14,,,,,,,,6/19/2015,,14,,,,,,,,6/21/2015,,15,,,,,,,,6/23/2015,,14,,,,,,,,6/26/2015,,16,,,,,,,
WC(11),16,5/24/2015,,15,,,,,,,,5/26/2015,,14,,,,,,,,5/29/2015,,19,,,,,,,,6/1/2015,,21,,,,,,,,6/3/2015,,21,,,,,,,,6/5/2015,,22,,,,,,,,6/7/2015,,21,,,,,,,,6/9/2015,,22,,,,,,,,6/11/2015,,19,,,,,,,,6/13/2015,,20,,,,,,,,6/15/2015,,19,,,,,,,,6/17/2015,,18,,,,,,,,6/19/2015,,18,,,,,,,,6/21/2015,,19,,,,,,,,6/23/2015,,19,,,,,,,,6/26/2015,,19,,,,,,,
WC(11),17,5/24/2015,,9,,,,,,,,5/26/2015,,9,,,,,,,,5/29/2015,,11,,,,,,,,6/1/2015,,11,,,,,,,,6/3/2015,,14,,,,,,,,6/5/2015,,12,,,,,,,,6/7/2015,,12,,,,,,,,6/9/2015,,12,,,,,,,,6/11/2015,,12,,,,,,,,6/13/2015,,12,,,,,,,,6/15/2015,,13,,,,,,,,6/17/2015,,12,,,,,,,,6/19/2015,,13,,,,,,,,6/21/2015,,11,,,,,,,,6/23/2015,,12,,,,,,,,6/26/2015,,11,,,,,,,
WC(11),18,5/24/2015,,10,,,,,,,,5/26/2015,,9,,,,,,,,5/29/2015,,9,,,,,,,,6/1/2015,,10,,,,,,,,6/3/2015,,10,,,,,,,,6/5/2015,,11,,,,,,,,6/7/2015,,11,,,,,,,,6/9/2015,,11,,,,,,,,6/11/2015,,11,,,,,,,,6/13/2015,,11,,,,,,,,6/15/2015,,11,,,,,,,,6/17/2015,,10,,,,,,,,6/19/2015,,10,,,,,,,,6/21/2015,,11,,,,,,,,6/23/2015,,10,,,,,,,,6/26/2015,,10,,,,,,,
WC(11),19,5/24/2015,,13,,,,,,,,5/26/2015,,13,,,,,,,,5/29/2015,,13,,,,,,,,6/1/2015,,14,,,,,,,,6/3/2015,,14,,,,,,,,6/5/2015,,15,,,,,,,,6/7/2015,,15,,,,,,,,6/9/2015,,15,,,,,,,,6/11/2015,,15,,,,,,,,6/13/2015,,15,,,,,,,,6/15/2015,,16,,,,,,,,6/17/2015,,15,,,,,,,,6/19/2015,,15,,,,,,,,6/21/2015,,15,,,,,,,,6/23/2015,,15,,,,,,,,6/26/2015,,15,,,,,,,
WC(11),20,5/24/2015,,27,,,,,,,,5/26/2015,,,,,,,,,not up yet,5/29/2015,,7,,,,,,,,6/1/2015,,,,,,,,,not yet emerged,6/3/2015,,9,,,,,,,,6/5/2015,,9,,,,,,,,6/7/2015,,10,,,,,,,,6/9/2015,,10,,,,,,,,6/11/2015,,10,,,,,,,,6/13/2015,,10,,,,,,,,6/15/2015,,10,,,,,,,,6/17/2015,,10,,,,,,,,6/19/2015,,10,,,,,,,,6/21/2015,,10,,,,,,,,6/23/2015,,10,,,,,,,,6/26/2015,,10,,,,,,,
WC(11),21,5/24/2015,,10,,,,,,,,5/26/2015,,7,,,,,,,,5/29/2015,,12,,,,,,,,6/1/2015,,12,,,,,,,,6/3/2015,,14,,,,,,,,6/5/2015,,14,,,,,,,,6/7/2015,,15,,,,,,,,6/9/2015,,14,,,,,,,,6/11/2015,,14,,,,,,,,6/13/2015,,14,,,,,,,,6/15/2015,,13,,,,,,,,6/17/2015,,15,,,,,,,,6/19/2015,,15,,,,,,,,6/21/2015,,14,,,,,,,,6/23/2015,,13,,,,,,,,6/26/2015,,14,,,,,,,
WC(11),22,5/24/2015,,,,,,,,,dead,5/26/2015,,,,,,,,,dead,5/29/2015,,,,,,,,,,6/1/2015,,,,,,,,,,6/3/2015,,,,,,,,,,6/5/2015,,,,,,,,,,6/7/2015,,,,,,,,,,6/9/2015,,,,,,,,,,6/11/2015,,,,,,,,,,6/13/2015,,,,,,,,,,6/15/2015,,,,,,,,,,6/17/2015,,,,,,,,,,6/19/2015,,,,,,,,,,6/21/2015,,,,,,,,,,6/23/2015,,,,,,,,,,6/26/2015,,,,,,,,,
WC(11),23,5/24/2015,,,,,,,,,not up yet,5/26/2015,,,,,,,,,not up yet,5/29/2015,,,,,,,,,hasn't emerged,6/1/2015,,,,,,,,,not yet emerged,6/3/2015,,,,,,,,,not yet emerged,6/5/2015,,,,,,,,,not yet emerged,6/7/2015,,,,,,,,,not yet emerged,6/9/2015,,,,,,,,,not yet emerged,6/11/2015,,,,,,,,,noy yet emerged,6/13/2015,,,,,,,,,didn't emerge this year,6/15/2015,,,,,,,,,not emerging,6/17/2015,,,,,,,,,not yet emerged,6/19/2015,,,,,,,,,not yet emerged,6/21/2015,,,,,,,,,not yet emerged,6/23/2015,,,,,,,,,not yet emerged,6/26/2015,,,,,,,,,not yet emerged
WC(11),24,5/24/2015,,8,,,,,,,,5/26/2015,,9,,,,,,,,5/29/2015,,10,,,,,,,,6/1/2015,,10,,,,,,,,6/3/2015,,11,,,,,,,,6/5/2015,,,11,,,,,,,6/7/2015,,12,,,,,,,,6/9/2015,,11,,,,,,,,6/11/2015,,12,,,,,,,,6/13/2015,,11,,,,,,,,6/15/2015,,11,,,,,,,,6/17/2015,,11,,,,,,,,6/19/2015,,11,,,,,,,,6/21/2015,,11,,,,,,,,6/23/2015,,11,,,,,,,,6/26/2015,,10,,,,,,,
WC(11),25,5/24/2015,,,,,,,,,,5/26/2015,,,,,,,,,,5/29/2015,,,,,,,,,,6/1/2015,,,,,,,,,,6/3/2015,,,,,,,,,,6/5/2015,,,,,,,,,,6/7/2015,,,,,,,,,,6/9/2015,,,,,,,,,,6/11/2015,,,,,,,,,,6/13/2015,,,,,,,,,,6/15/2015,,,,,,,,,,6/17/2015,,,,,,,,,,6/19/2015,,,,,,,,,,6/21/2015,,,,,,,,,,6/23/2015,,,,,,,,,,6/26/2015,,,,,,,,,
CC(6),17,5/24/2015,,10,,,,,,,,5/26/2015,,10,,,,,,,,5/29/2015,,11,,,,,,,,6/1/2015,,11,,,,,,,,6/3/2015,,10,,,,,,,,6/5/2015,,11,,,,,,,,6/7/2015,,12,,,,,,,,6/9/2015,,12,,,,,,,,6/11/2015,,12,,,,,,,,6/13/2015,,11,,,,,,,,6/15/2015,,11,,,,,,,,6/17/2015,,11,,,,,,,,6/19/2015,,11,,,,,,,starting to die,6/21/2015,,10,,,,,,,,6/23/2015,,11,,,,,,,,6/26/2015,,11,,,,,,,
WH(12),11,5/24/2015,,11,,,,,,,,5/26/2015,,11,,,,,,,,5/29/2015,,12,,,,,,,,6/1/2015,,12,,,,,,,,6/3/2015,,12,,,,,,,,6/5/2015,,12,,,,,,,,6/7/2015,,12,,,,,,,,6/9/2015,,11,,,,,,,,6/11/2015,,13,,,,,,,,6/13/2015,,11,,,,,,,,6/15/2015,,13,,,,,,,,6/17/2015,,12,,,,,,,,6/19/2015,,12,,,,,,,,6/21/2015,,12,,,,,,,,6/23/2015,,12,,,,,,,,6/26/2015,,12,,,,,,,
